trend,yhat_lower,yhat_upper,trend_lower,trend_upper,additive_terms,additive_terms_lower,additive_terms_upper,yearly,yearly_lower,yearly_upper,multiplicative_terms,multiplicative_terms_lower,multiplicative_terms_upper,yhat
5.014724999999999,4.640089072054577,5.571960731960474,5.014724999999999,5.014724999999999,0.0772255036269354,0.0772255036269354,0.0772255036269354,0.0772255036269354,0.0772255036269354,0.0772255036269354,0.0,0.0,0.0,5.091950503626935
5.056308845904823,4.67912310749572,5.56248005234567,5.056308845904823,5.056308845904823,0.047136167384524676,0.047136167384524676,0.047136167384524676,0.047136167384524676,0.047136167384524676,0.047136167384524676,0.0,0.0,0.0,5.103445013289348
5.099278820006474,4.6298789548846075,5.527039169006716,5.099278820006474,5.099278820006474,0.014089883210503716,0.014089883210503716,0.014089883210503716,0.014089883210503716,0.014089883210503716,0.014089883210503716,0.0,0.0,0.0,5.113368703216978
5.140862665911298,4.674546845758385,5.570072175390955,5.140862665911298,5.140862665911298,-0.017585025850223993,-0.017585025850223993,-0.017585025850223993,-0.017585025850223993,-0.017585025850223993,-0.017585025850223993,0.0,0.0,0.0,5.123277640061074
5.183832640012949,4.715255339090196,5.592428925467997,5.183832640012949,5.183832640012949,-0.03532127898871803,-0.03532127898871803,-0.03532127898871803,-0.03532127898871803,-0.03532127898871803,-0.03532127898871803,0.0,0.0,0.0,5.148511361024231
5.2268026141146,4.736775111522019,5.606411293732014,5.2268026141146,5.2268026141146,-0.0701701280815523,-0.0701701280815523,-0.0701701280815523,-0.0701701280815523,-0.0701701280815523,-0.0701701280815523,0.0,0.0,0.0,5.156632486033048
5.265614203625768,4.800731361779901,5.698557585511022,5.265614203625768,5.265614203625768,-0.001148276784537306,-0.001148276784537306,-0.001148276784537306,-0.001148276784537306,-0.001148276784537306,-0.001148276784537306,0.0,0.0,0.0,5.264465926841231
5.308584177575864,4.852375806637045,5.734656242744959,5.308584177575864,5.308584177575864,-0.035915610397645424,-0.035915610397645424,-0.035915610397645424,-0.035915610397645424,-0.035915610397645424,-0.035915610397645424,0.0,0.0,0.0,5.2726685671782185
5.350168023334021,4.883243488255528,5.76627186623291,5.350168023334021,5.350168023334021,-0.03445786447026265,-0.03445786447026265,-0.03445786447026265,-0.03445786447026265,-0.03445786447026265,-0.03445786447026265,0.0,0.0,0.0,5.315710158863759
5.393137997284116,4.90160528964265,5.777009346772311,5.393137997284116,5.393137997284116,-0.05334426889560609,-0.05334426889560609,-0.05334426889560609,-0.05334426889560609,-0.05334426889560609,-0.05334426889560609,0.0,0.0,0.0,5.33979372838851
5.434721843042273,4.919540594882784,5.800875807490482,5.434721843042273,5.434721843042273,-0.0641179701609628,-0.0641179701609628,-0.0641179701609628,-0.0641179701609628,-0.0641179701609628,-0.0641179701609628,0.0,0.0,0.0,5.37060387288131
5.477691816992369,4.9352857554196845,5.847714244940969,5.477691816992369,5.477691816992369,-0.08740575411935374,-0.08740575411935374,-0.08740575411935374,-0.08740575411935374,-0.08740575411935374,-0.08740575411935374,0.0,0.0,0.0,5.390286062873015
5.520661790942464,5.127492594088173,5.993442774859783,5.520661790942464,5.520661790942464,0.044718768051397496,0.044718768051397496,0.044718768051397496,0.044718768051397496,0.044718768051397496,0.044718768051397496,0.0,0.0,0.0,5.565380558993861
5.562245636700621,5.085865430215109,6.051069666954515,5.562245636700621,5.562245636700621,0.018464084977255418,0.018464084977255418,0.018464084977255418,0.018464084977255418,0.018464084977255418,0.018464084977255418,0.0,0.0,0.0,5.580709721677876
5.605215611331647,5.18857706260267,6.059794726129934,5.605215611331647,5.605215611331647,0.008595169864051833,0.008595169864051833,0.008595169864051833,0.008595169864051833,0.008595169864051833,0.008595169864051833,0.0,0.0,0.0,5.613810781195698
5.646799457748768,5.197937172087015,6.077968763516838,5.646799457748768,5.646799457748768,-0.004531936115762995,-0.004531936115762995,-0.004531936115762995,-0.004531936115762995,-0.004531936115762995,-0.004531936115762995,0.0,0.0,0.0,5.642267521633006
5.689769432379793,5.1948625827758175,6.12487489294767,5.689769432379793,5.689769432379793,-0.01810807500003127,-0.01810807500003127,-0.01810807500003127,-0.01810807500003127,-0.01810807500003127,-0.01810807500003127,0.0,0.0,0.0,5.6716613573797625
5.732739407010819,5.2294452530235445,6.142494147082843,5.732739407010819,5.732739407010819,-0.035576263234154894,-0.035576263234154894,-0.035576263234154894,-0.035576263234154894,-0.035576263234154894,-0.035576263234154894,0.0,0.0,0.0,5.697163143776664
5.771550997000133,5.310175314460316,6.209249840931074,5.771550997000133,5.771550997000133,-0.04363352421870185,-0.04363352421870185,-0.04363352421870185,-0.04363352421870185,-0.04363352421870185,-0.04363352421870185,0.0,0.0,0.0,5.727917472781431
5.814520971631158,5.348342073276105,6.242738847211692,5.814520971631158,5.814520971631158,-0.04244281784403943,-0.04244281784403943,-0.04244281784403943,-0.04244281784403943,-0.04244281784403943,-0.04244281784403943,0.0,0.0,0.0,5.772078153787119
5.856104818118649,5.33553352507338,6.230742922742663,5.856104818118649,5.856104818118649,-0.043446185442867116,-0.043446185442867116,-0.043446185442867116,-0.043446185442867116,-0.043446185442867116,-0.043446185442867116,0.0,0.0,0.0,5.812658632675782
5.899074792822389,5.413898462217408,6.284076835550678,5.899074792822389,5.899074792822389,-0.0467928291256107,-0.0467928291256107,-0.0467928291256107,-0.0467928291256107,-0.0467928291256107,-0.0467928291256107,0.0,0.0,0.0,5.852281963696778
5.940658639309879,5.455982899796164,6.3278701182461985,5.940658639309879,5.940658639309879,-0.04346916290206218,-0.04346916290206218,-0.04346916290206218,-0.04346916290206218,-0.04346916290206218,-0.04346916290206218,0.0,0.0,0.0,5.897189476407816
5.98362861401362,5.470934355780262,6.387073457188406,5.98362861401362,5.98362861401362,-0.050039475863582664,-0.050039475863582664,-0.050039475863582664,-0.050039475863582664,-0.050039475863582664,-0.050039475863582664,0.0,0.0,0.0,5.933589138150038
6.026598588717359,5.56955566002963,6.505435316474167,6.026598588717359,6.026598588717359,0.011044106860110883,0.011044106860110883,0.011044106860110883,0.011044106860110883,0.011044106860110883,0.011044106860110883,0.0,0.0,0.0,6.03764269557747
6.06818243520485,5.583683214254932,6.502362623681241,6.06818243520485,6.06818243520485,-0.009874229275940373,-0.009874229275940373,-0.009874229275940373,-0.009874229275940373,-0.009874229275940373,-0.009874229275940373,0.0,0.0,0.0,6.05830820592891
6.11115240990859,5.644608995444656,6.5427585943454405,6.11115240990859,6.11115240990859,0.003949206972672033,0.003949206972672033,0.003949206972672033,0.003949206972672033,0.003949206972672033,0.003949206972672033,0.0,0.0,0.0,6.115101616881263
6.15273625624083,5.719386700021919,6.6157335631232375,6.15273625624083,6.15273625624083,0.009139583281792476,0.009139583281792476,0.009139583281792476,0.009139583281792476,0.009139583281792476,0.009139583281792476,0.0,0.0,0.0,6.161875839522623
6.195706230784145,5.7571936367627305,6.614932461662284,6.195706230784145,6.195706230784145,-0.000691921577063503,-0.000691921577063503,-0.000691921577063503,-0.000691921577063503,-0.000691921577063503,-0.000691921577063503,0.0,0.0,0.0,6.195014309207082
6.23867620532746,5.792426401307834,6.6906768465920505,6.23867620532746,6.23867620532746,-0.0018011525303331928,-0.0018011525303331928,-0.0018011525303331928,-0.0018011525303331928,-0.0018011525303331928,-0.0018011525303331928,0.0,0.0,0.0,6.236875052797127
6.277487795237551,5.753689576165336,6.636849762876829,6.277487795237551,6.277487795237551,-0.0866619839552308,-0.0866619839552308,-0.0866619839552308,-0.0866619839552308,-0.0866619839552308,-0.0866619839552308,0.0,0.0,0.0,6.190825811282321
6.320457769780866,5.81717449389257,6.694160092818178,6.320457769780866,6.320457769780866,-0.04856156326610915,-0.04856156326610915,-0.04856156326610915,-0.04856156326610915,-0.04856156326610915,-0.04856156326610915,0.0,0.0,0.0,6.271896206514757
6.362041616113105,5.845747613736942,6.754756336684984,6.362041616113105,6.362041616113105,-0.05188282733151501,-0.05188282733151501,-0.05188282733151501,-0.05188282733151501,-0.05188282733151501,-0.05188282733151501,0.0,0.0,0.0,6.31015878878159
6.4050115897532915,5.915405146421108,6.7880315220079,6.4050115897532915,6.4050115897532915,-0.03957311584726654,-0.03957311584726654,-0.03957311584726654,-0.03957311584726654,-0.03957311584726654,-0.03957311584726654,0.0,0.0,0.0,6.365438473906025
6.446595435211535,5.988136421989847,6.836037964576171,6.446595435211535,6.446595435211535,-0.022603217384940373,-0.022603217384940373,-0.022603217384940373,-0.022603217384940373,-0.022603217384940373,-0.022603217384940373,0.0,0.0,0.0,6.423992217826594
6.489565408851719,6.050647199903567,6.916250180890871,6.489565408851719,6.489565408851719,-0.01368656170190428,-0.01368656170190428,-0.01368656170190428,-0.01368656170190428,-0.01368656170190428,-0.01368656170190428,0.0,0.0,0.0,6.475878847149815
6.532535382491905,6.079414025087617,6.932682016498756,6.532535382491905,6.532535382491905,-0.023761726599153207,-0.023761726599153207,-0.023761726599153207,-0.023761726599153207,-0.023761726599153207,-0.023761726599153207,0.0,0.0,0.0,6.508773655892752
6.574119227950148,6.095297668549856,6.967623126229668,6.574119227950148,6.574119227950148,-0.03783268416127832,-0.03783268416127832,-0.03783268416127832,-0.03783268416127832,-0.03783268416127832,-0.03783268416127832,0.0,0.0,0.0,6.5362865437888695
6.617089201590333,6.151107452336394,7.09862003563301,6.617089201590333,6.617089201590333,0.0001644923527480617,0.0001644923527480617,0.0001644923527480617,0.0001644923527480617,0.0001644923527480617,0.0001644923527480617,0.0,0.0,0.0,6.617253693943081
6.658673047048577,6.262190213047459,7.120736933989055,6.658673047048577,6.658673047048577,0.02340726893498111,0.02340726893498111,0.02340726893498111,0.02340726893498111,0.02340726893498111,0.02340726893498111,0.0,0.0,0.0,6.682080315983558
6.701642246469031,6.271046161598555,7.1702005185054425,6.701642246469031,6.701642246469031,0.016891506006822436,0.016891506006822436,0.016891506006822436,0.016891506006822436,0.016891506006822436,0.016891506006822436,0.0,0.0,0.0,6.718533752475853
6.744611445889485,6.311749710310635,7.238195347176185,6.744611445889485,6.744611445889485,0.03111631239984453,0.03111631239984453,0.03111631239984453,0.03111631239984453,0.03111631239984453,0.03111631239984453,0.0,0.0,0.0,6.77572775828933
6.784808438895716,6.383674925534287,7.287980573487434,6.784808438895716,6.784808438895716,0.04074509043407398,0.04074509043407398,0.04074509043407398,0.04074509043407398,0.04074509043407398,0.04074509043407398,0.0,0.0,0.0,6.82555352932979
6.82777763831617,6.366390465978486,7.263472487585877,6.82777763831617,6.82777763831617,-0.029004751757066252,-0.029004751757066252,-0.029004751757066252,-0.029004751757066252,-0.029004751757066252,-0.029004751757066252,0.0,0.0,0.0,6.798772886559104
6.869360734529512,6.428538016375512,7.283089740624877,6.869360734529512,6.869360734529512,-0.02492913350557454,-0.02492913350557454,-0.02492913350557454,-0.02492913350557454,-0.02492913350557454,-0.02492913350557454,0.0,0.0,0.0,6.844431601023937
6.912329933949966,6.4182478890804555,7.324374848793093,6.912329933949966,6.912329933949966,-0.059215129916132585,-0.059215129916132585,-0.059215129916132585,-0.059215129916132585,-0.059215129916132585,-0.059215129916132585,0.0,0.0,0.0,6.853114804033833
6.929993505236148,6.346619007512996,7.316090542062357,6.929993505236148,6.929993505236148,-0.08451097327455878,-0.08451097327455878,-0.08451097327455878,-0.08451097327455878,-0.08451097327455878,-0.08451097327455878,0.0,0.0,0.0,6.845482531961589
6.948245862231868,6.397189143782174,7.280286324627262,6.948245862231868,6.948245862231868,-0.12574436167133138,-0.12574436167133138,-0.12574436167133138,-0.12574436167133138,-0.12574436167133138,-0.12574436167133138,0.0,0.0,0.0,6.822501500560537
6.9664982192275895,6.5832865926975215,7.521003890278451,6.9664982192275895,6.9664982192275895,0.07722550362695428,0.07722550362695428,0.07722550362695428,0.07722550362695428,0.07722550362695428,0.07722550362695428,0.0,0.0,0.0,7.043723722854544
6.984161790513771,6.578807556594519,7.484596901929133,6.984161790513771,6.984161790513771,0.04713616738455013,0.04713616738455013,0.04713616738455013,0.04713616738455013,0.04713616738455013,0.04713616738455013,0.0,0.0,0.0,7.031297957898321
7.0024141475094925,6.557209932693135,7.479384583992946,7.0024141475094925,7.0024141475094925,0.014089883210529041,0.014089883210529041,0.014089883210529041,0.014089883210529041,0.014089883210529041,0.014089883210529041,0.0,0.0,0.0,7.0165040307200215
7.020077718795673,6.586369566607362,7.463692057241902,7.020077718795673,7.020077718795673,-0.01758502585027179,-0.01758502585027179,-0.01758502585027179,-0.01758502585027179,-0.01758502585027179,-0.01758502585027179,0.0,0.0,0.0,7.002492692945402
7.038330075791395,6.540611069000858,7.440297849237296,7.038330075791395,7.038330075791395,-0.035321278988656724,-0.035321278988656724,-0.035321278988656724,-0.035321278988656724,-0.035321278988656724,-0.035321278988656724,0.0,0.0,0.0,7.003008796802738
7.022932517361411,6.53892656101549,7.398020487540751,7.022932517361411,7.022932517361411,-0.07017012808154335,-0.07017012808154335,-0.07017012808154335,-0.07017012808154335,-0.07017012808154335,-0.07017012808154335,0.0,0.0,0.0,6.952762389279868
7.009025045231104,6.560721655741042,7.462676999112001,7.009025045231104,7.009025045231104,-0.0011482767844639447,-0.0011482767844639447,-0.0011482767844639447,-0.0011482767844639447,-0.0011482767844639447,-0.0011482767844639447,0.0,0.0,0.0,7.007876768446639
6.993627486801121,6.529454060713986,7.4148762267652595,6.993627486801121,6.993627486801121,-0.035915610397723764,-0.035915610397723764,-0.035915610397723764,-0.035915610397723764,-0.035915610397723764,-0.035915610397723764,0.0,0.0,0.0,6.957711876403398
6.978726623804363,6.499348598887931,7.393704957260611,6.978726623804363,6.978726623804363,-0.0344578644703071,-0.0344578644703071,-0.0344578644703071,-0.0344578644703071,-0.0344578644703071,-0.0344578644703071,0.0,0.0,0.0,6.944268759334055
6.9633290653743805,6.475139744669209,7.357996843856744,6.9633290653743805,6.9633290653743805,-0.05334426889564803,-0.05334426889564803,-0.05334426889564803,-0.05334426889564803,-0.05334426889564803,-0.05334426889564803,0.0,0.0,0.0,6.909984796478732
6.948428202377624,6.415946690988369,7.329217673753694,6.948428202377624,6.948428202377624,-0.06411797016102663,-0.06411797016102663,-0.06411797016102663,-0.06411797016102663,-0.06411797016102663,-0.06411797016102663,0.0,0.0,0.0,6.884310232216597
6.909849400422226,6.369337036718355,7.269458771517507,6.909849400422226,6.909849400422226,-0.08740575411943818,-0.08740575411943818,-0.08740575411943818,-0.08740575411943818,-0.08740575411943818,-0.08740575411943818,0.0,0.0,0.0,6.822443646302788
6.871270598466832,6.488421867055812,7.366011752973223,6.871270598466832,6.871270598466832,0.0447187680514794,0.0447187680514794,0.0447187680514794,0.0447187680514794,0.0447187680514794,0.0447187680514794,0.0,0.0,0.0,6.915989366518311
6.833936273993867,6.375436925592785,7.28581662033556,6.833936273993867,6.833936273993867,0.018464084977166544,0.018464084977166544,0.018464084977166544,0.018464084977166544,0.018464084977166544,0.018464084977166544,0.0,0.0,0.0,6.852400358971034
6.7953574720384715,6.341997776626731,7.271604017994702,6.7953574720384715,6.7953574720384715,0.00859516986400351,0.00859516986400351,0.00859516986400351,0.00859516986400351,0.00859516986400351,0.00859516986400351,0.0,0.0,0.0,6.803952641902475
6.758023147565508,6.270469003580386,7.2218764844938255,6.758023147565508,6.758023147565508,-0.0045319361158152,-0.0045319361158152,-0.0045319361158152,-0.0045319361158152,-0.0045319361158152,-0.0045319361158152,0.0,0.0,0.0,6.753491211449693
6.719444345610112,6.258123720071107,7.144285183067394,6.719444345610112,6.719444345610112,-0.01810807500003588,-0.01810807500003588,-0.01810807500003588,-0.01810807500003588,-0.01810807500003588,-0.01810807500003588,0.0,0.0,0.0,6.701336270610076
6.680865543654715,6.181390579394852,7.046945195117489,6.680865543654715,6.680865543654715,-0.035576263234126666,-0.035576263234126666,-0.035576263234126666,-0.035576263234126666,-0.035576263234126666,-0.035576263234126666,0.0,0.0,0.0,6.645289280420588
6.6460201738426905,6.174260382256455,7.0390817366849445,6.6460201738426905,6.6460201738426905,-0.043633524218727855,-0.043633524218727855,-0.043633524218727855,-0.043633524218727855,-0.043633524218727855,-0.043633524218727855,0.0,0.0,0.0,6.602386649623963
6.607441371550806,6.141488491463604,7.037252834418635,6.607441371550806,6.607441371550806,-0.042442817843987325,-0.042442817843987325,-0.042442817843987325,-0.042442817843987325,-0.042442817843987325,-0.042442817843987325,0.0,0.0,0.0,6.564998553706818
6.5701070467522085,6.075123280436735,6.977725399768541,6.5701070467522085,6.5701070467522085,-0.043446185442843226,-0.043446185442843226,-0.043446185442843226,-0.043446185442843226,-0.043446185442843226,-0.043446185442843226,0.0,0.0,0.0,6.526660861309365
6.531528244460324,6.037919445056363,6.928325821592884,6.531528244460324,6.531528244460324,-0.046792829125625865,-0.046792829125625865,-0.046792829125625865,-0.046792829125625865,-0.046792829125625865,-0.046792829125625865,0.0,0.0,0.0,6.484735415334698
6.4941939196617255,5.998006410657508,6.89745488551701,6.4941939196617255,6.4941939196617255,-0.043469162902107755,-0.043469162902107755,-0.043469162902107755,-0.043469162902107755,-0.043469162902107755,-0.043469162902107755,0.0,0.0,0.0,6.450724756759618
6.45561511736984,5.930137904610615,6.812215672741717,6.45561511736984,6.45561511736984,-0.05003947586367972,-0.05003947586367972,-0.05003947586367972,-0.05003947586367972,-0.05003947586367972,-0.05003947586367972,0.0,0.0,0.0,6.40557564150616
6.417036315250446,5.9735756906605175,6.828637984318246,6.417036315250446,6.417036315250446,0.011044106860034809,0.011044106860034809,0.011044106860034809,0.011044106860034809,0.011044106860034809,0.011044106860034809,0.0,0.0,0.0,6.42808042211048
6.379701990618773,5.903943292610434,6.79235373684633,6.379701990618773,6.379701990618773,-0.009874229276064404,-0.009874229276064404,-0.009874229276064404,-0.009874229276064404,-0.009874229276064404,-0.009874229276064404,0.0,0.0,0.0,6.369827761342708
6.3411231884993775,5.913861592721096,6.805003314216313,6.3411231884993775,6.3411231884993775,0.003949206972719747,0.003949206972719747,0.003949206972719747,0.003949206972719747,0.003949206972719747,0.003949206972719747,0.0,0.0,0.0,6.345072395472097
6.303788863867706,5.82584695287414,6.727178435168353,6.303788863867706,6.303788863867706,0.009139583281770959,0.009139583281770959,0.009139583281770959,0.009139583281770959,0.009139583281770959,0.009139583281770959,0.0,0.0,0.0,6.312928447149477
6.26521006174831,5.826355859787476,6.7323101099484575,6.26521006174831,6.26521006174831,-0.0006919215771102517,-0.0006919215771102517,-0.0006919215771102517,-0.0006919215771102517,-0.0006919215771102517,-0.0006919215771102517,0.0,0.0,0.0,6.2645181401712
6.226631259628916,5.793314343836694,6.628412207838987,6.226631259628916,6.226631259628916,-0.0018011525302356615,-0.0018011525302356615,-0.0018011525302356615,-0.0018011525302356615,-0.0018011525302356615,-0.0018011525302356615,0.0,0.0,0.0,6.22483010709868
6.191785889972688,5.645673347072944,6.531890793091937,6.191785889972688,6.191785889972688,-0.08666198395547346,-0.08666198395547346,-0.08666198395547346,-0.08666198395547346,-0.08666198395547346,-0.08666198395547346,0.0,0.0,0.0,6.105123906017214
6.153207099964593,5.633095516676419,6.552261063967226,6.153207099964593,6.153207099964593,-0.04856156326616653,-0.04856156326616653,-0.04856156326616653,-0.04856156326616653,-0.04856156326616653,-0.04856156326616653,0.0,0.0,0.0,6.104645536698427
6.115872787053534,5.60142501293419,6.533304887955129,6.115872787053534,6.115872787053534,-0.051882827331551216,-0.051882827331551216,-0.051882827331551216,-0.051882827331551216,-0.051882827331551216,-0.051882827331551216,0.0,0.0,0.0,6.063989959721983
6.077293997045439,5.564307006371384,6.4781817932851125,6.077293997045439,6.077293997045439,-0.03957311584728241,-0.03957311584728241,-0.03957311584728241,-0.03957311584728241,-0.03957311584728241,-0.03957311584728241,0.0,0.0,0.0,6.037720881198156
6.03995968413438,5.58395337380958,6.500556767094599,6.03995968413438,6.03995968413438,-0.02260321738479279,-0.02260321738479279,-0.02260321738479279,-0.02260321738479279,-0.02260321738479279,-0.02260321738479279,0.0,0.0,0.0,6.017356466749587
6.001380894126286,5.542504876190936,6.412604926207298,6.001380894126286,6.001380894126286,-0.013686561701951079,-0.013686561701951079,-0.013686561701951079,-0.013686561701951079,-0.013686561701951079,-0.013686561701951079,0.0,0.0,0.0,5.987694332424335
5.962802104118193,5.495810719570197,6.390328163044788,5.962802104118193,5.962802104118193,-0.02376172659914267,-0.02376172659914267,-0.02376172659914267,-0.02376172659914267,-0.02376172659914267,-0.02376172659914267,0.0,0.0,0.0,5.93904037751905
5.925468023652384,5.45068803478168,6.312079552160306,5.925468023652384,5.925468023652384,-0.03783268416126301,-0.03783268416126301,-0.03783268416126301,-0.03783268416126301,-0.03783268416126301,-0.03783268416126301,0.0,0.0,0.0,5.887635339491121
5.886889473837714,5.443701399703995,6.351153534970779,5.886889473837714,5.886889473837714,0.00016449235278415274,0.00016449235278415274,0.00016449235278415274,0.00016449235278415274,0.00016449235278415274,0.00016449235278415274,0.0,0.0,0.0,5.887053966190498
5.849555393371903,5.441197294588234,6.298903265797516,5.849555393371903,5.849555393371903,0.023407268934957048,0.023407268934957048,0.023407268934957048,0.023407268934957048,0.023407268934957048,0.023407268934957048,0.0,0.0,0.0,5.872962662306859
5.810976843557233,5.3710479011646335,6.262227083743297,5.810976843557233,5.810976843557233,0.016891506006775414,0.016891506006775414,0.016891506006775414,0.016891506006775414,0.016891506006775414,0.016891506006775414,0.0,0.0,0.0,5.8278683495640085
5.772398293742563,5.324786484673351,6.2147588915284455,5.772398293742563,5.772398293742563,0.031116312399807406,0.031116312399807406,0.031116312399807406,0.031116312399807406,0.031116312399807406,0.031116312399807406,0.0,0.0,0.0,5.80351460614237
5.736308682625613,5.339826894267044,6.219859455082989,5.736308682625613,5.736308682625613,0.04074509043414139,0.04074509043414139,0.04074509043414139,0.04074509043414139,0.04074509043414139,0.04074509043414139,0.0,0.0,0.0,5.777053773059754
5.697730132810943,5.216804535030852,6.115986446188817,5.697730132810943,5.697730132810943,-0.02900475175702402,-0.02900475175702402,-0.02900475175702402,-0.02900475175702402,-0.02900475175702402,-0.02900475175702402,0.0,0.0,0.0,5.668725381053918
5.66070891196799,5.187531124825193,6.1314500733265085,5.66070891196799,5.66070891196799,-0.024929133505532306,-0.024929133505532306,-0.024929133505532306,-0.024929133505532306,-0.024929133505532306,-0.024929133505532306,0.0,0.0,0.0,5.6357797784624575
5.622453650430269,5.1442298089270615,6.03808175717298,5.622453650430269,5.622453650430269,-0.05921512991611316,-0.05921512991611316,-0.05921512991611316,-0.05921512991611316,-0.05921512991611316,-0.05921512991611316,0.0,0.0,0.0,5.5632385205141555
5.585432429587314,5.063713445243173,5.9696640107356265,5.585432429587314,5.585432429587314,-0.0845109732745996,-0.0845109732745996,-0.0845109732745996,-0.0845109732745996,-0.0845109732745996,-0.0845109732745996,0.0,0.0,0.0,5.500921456312715
5.547177168049594,4.930994927638489,5.880523236848566,5.547177168049594,5.547177168049594,-0.12574436167133016,-0.12574436167133016,-0.12574436167133016,-0.12574436167133016,-0.12574436167133016,-0.12574436167133016,0.0,0.0,0.0,5.421432806378264
5.508921906511875,5.112295666496138,6.004695219631718,5.508921906511875,5.508921906511875,0.07722550362680311,0.07722550362680311,0.07722550362680311,0.07722550362680311,0.07722550362680311,0.07722550362680311,0.0,0.0,0.0,5.586147410138678
5.471900685668921,5.067346289852625,5.9753436577558725,5.471900685668921,5.471900685668921,0.047136167384550356,0.047136167384550356,0.047136167384550356,0.047136167384550356,0.047136167384550356,0.047136167384550356,0.0,0.0,0.0,5.519036853053472
5.433645481275095,5.027756854371025,5.909748783620626,5.433645481275095,5.433645481275095,0.014089883210431312,0.014089883210431312,0.014089883210431312,0.014089883210431312,0.014089883210431312,0.014089883210431312,0.0,0.0,0.0,5.447735364485526
5.396624315732683,4.899436978381959,5.785610983655464,5.396624315732683,5.396624315732683,-0.017585025850281228,-0.017585025850281228,-0.017585025850281228,-0.017585025850281228,-0.017585025850281228,-0.017585025850281228,0.0,0.0,0.0,5.379039289882401
5.358369111338856,4.889795414901344,5.760786052834883,5.358369111338856,5.358369111338856,-0.035321278988637565,-0.035321278988637565,-0.035321278988637565,-0.035321278988637565,-0.035321278988637565,-0.035321278988637565,0.0,0.0,0.0,5.323047832350219
5.32011390694503,4.796596380056089,5.680243767932262,5.32011390694503,5.32011390694503,-0.0701701280816276,-0.0701701280816276,-0.0701701280816276,-0.0701701280816276,-0.0701701280816276,-0.0701701280816276,0.0,0.0,0.0,5.249943778863402
5.285560819105445,4.838972713442362,5.753476827822959,5.285560819105445,5.285560819105445,-0.001148276784517826,-0.001148276784517826,-0.001148276784517826,-0.001148276784517826,-0.001148276784517826,-0.001148276784517826,0.0,0.0,0.0,5.284412542320927
5.247305614711619,4.754956039347797,5.674559387122514,5.247305614711619,5.247305614711619,-0.035915610397688744,-0.035915610397688744,-0.035915610397688744,-0.035915610397688744,-0.035915610397688744,-0.035915610397688744,0.0,0.0,0.0,5.21139000431393
5.210284449169208,4.71976971297328,5.651503354327755,5.210284449169208,5.210284449169208,-0.03445786447029967,-0.03445786447029967,-0.03445786447029967,-0.03445786447029967,-0.03445786447029967,-0.03445786447029967,0.0,0.0,0.0,5.175826584698909
5.172029282156813,4.625159906103141,5.559135590867844,5.172029282156813,5.172029282156813,-0.053344268895635635,-0.053344268895635635,-0.053344268895635635,-0.053344268895635635,-0.053344268895635635,-0.053344268895635635,0.0,0.0,0.0,5.118685013261177
5.135008152789979,4.631047409851639,5.51844509873682,5.135008152789979,5.135008152789979,-0.06411797016087276,-0.06411797016087276,-0.06411797016087276,-0.06411797016087276,-0.06411797016087276,-0.06411797016087276,0.0,0.0,0.0,5.070890182629106
5.096752985777584,4.545191348717948,5.452996392211342,5.096752985777584,5.096752985777584,-0.0874057541193567,-0.0874057541193567,-0.0874057541193567,-0.0874057541193567,-0.0874057541193567,-0.0874057541193567,0.0,0.0,0.0,5.009347231658228
5.05849781876519,4.653202686898649,5.5418953960567805,5.05849781876519,5.05849781876519,0.04471876805141793,0.04471876805141793,0.04471876805141793,0.04471876805141793,0.04471876805141793,0.04471876805141793,0.0,0.0,0.0,5.1032165868166075
5.021476689398357,4.622537258926531,5.4906156757330935,5.021476689398357,5.021476689398357,0.018464084977200677,0.018464084977200677,0.018464084977200677,0.018464084977200677,0.018464084977200677,0.018464084977200677,0.0,0.0,0.0,5.039940774375558
4.98322152238596,4.524070943755719,5.437185031273527,4.98322152238596,4.98322152238596,0.008595169864042197,0.008595169864042197,0.008595169864042197,0.008595169864042197,0.008595169864042197,0.008595169864042197,0.0,0.0,0.0,4.991816692250002
4.946327681178725,4.4825993653406035,5.381678117253845,4.946327681178725,4.946327681178725,-0.004531936115893738,-0.004531936115893738,-0.004531936115893738,-0.004531936115893738,-0.004531936115893738,-0.004531936115893738,0.0,0.0,0.0,4.941795745062832
4.908204045264582,4.468235883194153,5.332913303041873,4.908204045264582,4.908204045264582,-0.01810807500004461,-0.01810807500004461,-0.01810807500004461,-0.01810807500004461,-0.01810807500004461,-0.01810807500004461,0.0,0.0,0.0,4.890095970264538
4.8700804093504395,4.377771377575001,5.277950680969218,4.8700804093504395,4.8700804093504395,-0.03557626323405999,-0.03557626323405999,-0.03557626323405999,-0.03557626323405999,-0.03557626323405999,-0.03557626323405999,0.0,0.0,0.0,4.834504146116379
4.83564615755702,4.395246905851886,5.2426076646637485,4.83564615755702,4.83564615755702,-0.04363352421870344,-0.04363352421870344,-0.04363352421870344,-0.04363352421870344,-0.04363352421870344,-0.04363352421870344,0.0,0.0,0.0,4.792012633338317
4.797522521642878,4.265564479076397,5.208180063206662,4.797522521642878,4.797522521642878,-0.042442817843935235,-0.042442817843935235,-0.042442817843935235,-0.042442817843935235,-0.042442817843935235,-0.042442817843935235,0.0,0.0,0.0,4.755079703798943
4.760628680435643,4.25486780182021,5.1519127912940785,4.760628680435643,4.760628680435643,-0.043446185442805124,-0.043446185442805124,-0.043446185442805124,-0.043446185442805124,-0.043446185442805124,-0.043446185442805124,0.0,0.0,0.0,4.717182494992837
4.7225050445214976,4.2372779034839,5.108849436084345,4.7225050445214976,4.7225050445214976,-0.04679282912561313,-0.04679282912561313,-0.04679282912561313,-0.04679282912561313,-0.04679282912561313,-0.04679282912561313,0.0,0.0,0.0,4.675712215395884
4.688380455094774,4.224189354003572,5.089884129477344,4.688380455094774,4.688380455094774,-0.04346916290218645,-0.04346916290218645,-0.04346916290218645,-0.04346916290218645,-0.04346916290218645,-0.04346916290218645,0.0,0.0,0.0,4.644911292192587
4.653118379353827,4.1462409319649485,5.094401813312417,4.653118379353827,4.653118379353827,-0.05003947586341249,-0.05003947586341249,-0.05003947586341249,-0.05003947586341249,-0.05003947586341249,-0.05003947586341249,0.0,0.0,0.0,4.603078903490414
4.6178563036128795,4.185382941320168,5.0604355653716055,4.6178563036128795,4.6178563036128795,0.011044106860094887,0.011044106860094887,0.011044106860094887,0.011044106860094887,0.011044106860094887,0.011044106860094887,0.0,0.0,0.0,4.6289004104729745
4.583731714186155,4.130654463221726,5.017759470984672,4.583731714186155,4.583731714186155,-0.009874229276040241,-0.009874229276040241,-0.009874229276040241,-0.009874229276040241,-0.009874229276040241,-0.009874229276040241,0.0,0.0,0.0,4.573857484910115
4.548469638445208,4.085010613819732,5.019458812471156,4.548469638445208,4.548469638445208,0.003949206972631801,0.003949206972631801,0.003949206972631801,0.003949206972631801,0.003949206972631801,0.003949206972631801,0.0,0.0,0.0,4.552418845417839
4.514345049018487,4.080916178971387,4.983356249088788,4.514345049018487,4.514345049018487,0.009139583281848808,0.009139583281848808,0.009139583281848808,0.009139583281848808,0.009139583281848808,0.009139583281848808,0.0,0.0,0.0,4.5234846323003355
4.490648963889387,4.048315633927635,4.920054427379953,4.490648963889387,4.490648963889387,-0.0006919215771155753,-0.0006919215771155753,-0.0006919215771155753,-0.0006919215771155753,-0.0006919215771155753,-0.0006919215771155753,0.0,0.0,0.0,4.489957042312271
4.466952878760288,3.979878850267088,4.886747160946248,4.466952878760288,4.466952878760288,-0.0018011525302792971,-0.0018011525302792971,-0.0018011525302792971,-0.0018011525302792971,-0.0018011525302792971,-0.0018011525302792971,0.0,0.0,0.0,4.465151726230008
4.445549963159811,3.938966786443487,4.809317216203457,4.445549963159811,4.445549963159811,-0.08666198395524591,-0.08666198395524591,-0.08666198395524591,-0.08666198395524591,-0.08666198395524591,-0.08666198395524591,0.0,0.0,0.0,4.358887979204566
4.421853878030712,3.9732973771797706,4.831969504075288,4.421853878030712,4.421853878030712,-0.04856156326605098,-0.04856156326605098,-0.04856156326605098,-0.04856156326605098,-0.04856156326605098,-0.04856156326605098,0.0,0.0,0.0,4.373292314764661
4.398922182744488,3.8906545083972612,4.790843114041172,4.398922182744488,4.398922182744488,-0.05188282733156344,-0.05188282733156344,-0.05188282733156344,-0.05188282733156344,-0.05188282733156344,-0.05188282733156344,0.0,0.0,0.0,4.3470393554129245
4.375226097615387,3.9031609759775936,4.781019049959445,4.375226097615387,4.375226097615387,-0.03957311584732055,-0.03957311584732055,-0.03957311584732055,-0.03957311584732055,-0.03957311584732055,-0.03957311584732055,0.0,0.0,0.0,4.3356529817680665
4.3522944023291625,3.8618271228660754,4.779351738357894,4.3522944023291625,4.3522944023291625,-0.022603217385081448,-0.022603217385081448,-0.022603217385081448,-0.022603217385081448,-0.022603217385081448,-0.022603217385081448,0.0,0.0,0.0,4.329691184944081
4.346739188032048,3.874005957185521,4.759703227914033,4.346739188032048,4.346739188032048,-0.013686561701833027,-0.013686561701833027,-0.013686561701833027,-0.013686561701833027,-0.013686561701833027,-0.013686561701833027,0.0,0.0,0.0,4.333052626330215
4.341183973734934,3.871589844830026,4.768869758106842,4.341183973734934,4.341183973734934,-0.023761726599264735,-0.023761726599264735,-0.023761726599264735,-0.023761726599264735,-0.023761726599264735,-0.023761726599264735,0.0,0.0,0.0,4.317422247135669
4.335807959899016,3.829404494457858,4.7450199404886115,4.335807959899016,4.335807959899016,-0.03783268416123078,-0.03783268416123078,-0.03783268416123078,-0.03783268416123078,-0.03783268416123078,-0.03783268416123078,0.0,0.0,0.0,4.297975275737786
4.330252745601902,3.915725958090161,4.758176643366554,4.330252745601902,4.330252745601902,0.00016449235278861887,0.00016449235278861887,0.00016449235278861887,0.00016449235278861887,0.00016449235278861887,0.00016449235278861887,0.0,0.0,0.0,4.33041723795469
4.3248767317659835,3.9275420728807244,4.764640341188975,4.3248767317659835,4.3248767317659835,0.02340726893505971,0.02340726893505971,0.02340726893505971,0.02340726893505971,0.02340726893505971,0.02340726893505971,0.0,0.0,0.0,4.348284000701043
4.31932151746887,3.8729920337518773,4.815575571276028,4.31932151746887,4.31932151746887,0.01689150600699813,0.01689150600699813,0.01689150600699813,0.01689150600699813,0.01689150600699813,0.01689150600699813,0.0,0.0,0.0,4.336213023475868
4.333813387988848,3.908126838161885,4.841815419646927,4.333813387988848,4.333813387988848,0.03111631239966479,0.03111631239966479,0.03111631239966479,0.03111631239966479,0.03111631239966479,0.03111631239966479,0.0,0.0,0.0,4.3649297003885135
4.347370299120441,3.9404215900441155,4.851743243728268,4.347370299120441,4.347370299120441,0.04074509043392918,0.04074509043392918,0.04074509043392918,0.04074509043392918,0.04074509043392918,0.04074509043392918,0.0,0.0,0.0,4.38811538955437
4.3618621696404185,3.906117784777598,4.7736851482002125,4.3618621696404185,4.3618621696404185,-0.029004751757082593,-0.029004751757082593,-0.029004751757082593,-0.029004751757082593,-0.029004751757082593,-0.029004751757082593,0.0,0.0,0.0,4.332857417883336
4.3758865604662045,3.897519486798284,4.770605444347353,4.3758865604662045,4.3758865604662045,-0.024929133505603964,-0.024929133505603964,-0.024929133505603964,-0.024929133505603964,-0.024929133505603964,-0.024929133505603964,0.0,0.0,0.0,4.3509574269606
4.390378430986182,3.8991027132656657,4.751312530812593,4.390378430986182,4.390378430986182,-0.05921512991607946,-0.05921512991607946,-0.05921512991607946,-0.05921512991607946,-0.05921512991607946,-0.05921512991607946,0.0,0.0,0.0,4.331163301070102
4.404402821811968,3.890527905565578,4.785542710012847,4.404402821811968,4.404402821811968,-0.08451097327448809,-0.08451097327448809,-0.08451097327448809,-0.08451097327448809,-0.08451097327448809,-0.08451097327448809,0.0,0.0,0.0,4.3198918485374795
4.418894692331946,3.8611583605520026,4.732191898631697,4.418894692331946,4.418894692331946,-0.1257443616712267,-0.1257443616712267,-0.1257443616712267,-0.1257443616712267,-0.1257443616712267,-0.1257443616712267,0.0,0.0,0.0,4.29315033066072
4.447063305729878,4.054464732171671,4.943470800130142,4.447063305729878,4.447063305729878,0.07722550362688926,0.07722550362688926,0.07722550362688926,0.07722550362688926,0.07722550362688926,0.07722550362688926,0.0,0.0,0.0,4.524288809356767
4.47432325417949,4.083762139429073,4.976981555207165,4.47432325417949,4.47432325417949,0.047136167384300466,0.047136167384300466,0.047136167384300466,0.047136167384300466,0.047136167384300466,0.047136167384300466,0.0,0.0,0.0,4.52145942156379
4.5024918675774215,4.078860794525914,4.969231792848876,4.5024918675774215,4.5024918675774215,0.01408988321040075,0.01408988321040075,0.01408988321040075,0.01408988321040075,0.01408988321040075,0.01408988321040075,0.0,0.0,0.0,4.5165817507878225
4.5297518160270345,4.060602276115755,4.9402481634160464,4.5297518160270345,4.5297518160270345,-0.01758502585017521,-0.01758502585017521,-0.01758502585017521,-0.01758502585017521,-0.01758502585017521,-0.01758502585017521,0.0,0.0,0.0,4.51216679017686
4.557920429424966,4.086353732563548,4.943963484148709,4.557920429424966,4.557920429424966,-0.03532127898852069,-0.03532127898852069,-0.03532127898852069,-0.03532127898852069,-0.03532127898852069,-0.03532127898852069,0.0,0.0,0.0,4.522599150436445
4.586089042822897,4.05455633636354,4.961546813994402,4.586089042822897,4.586089042822897,-0.07017012808164003,-0.07017012808164003,-0.07017012808164003,-0.07017012808164003,-0.07017012808164003,-0.07017012808164003,0.0,0.0,0.0,4.515918914741256
4.611531662256213,4.189453764735803,5.062400305295369,4.611531662256213,4.611531662256213,-0.0011482767843708224,-0.0011482767843708224,-0.0011482767843708224,-0.0011482767843708224,-0.0011482767843708224,-0.0011482767843708224,0.0,0.0,0.0,4.610383385471842
4.639700276628813,4.178512622147703,5.03252578762313,4.639700276628813,4.639700276628813,-0.03591561039777717,-0.03591561039777717,-0.03591561039777717,-0.03591561039777717,-0.03591561039777717,-0.03591561039777717,0.0,0.0,0.0,4.603784666231036
4.666960226021651,4.179725596101037,5.06558936298901,4.666960226021651,4.666960226021651,-0.034457864470330585,-0.034457864470330585,-0.034457864470330585,-0.034457864470330585,-0.034457864470330585,-0.034457864470330585,0.0,0.0,0.0,4.63250236155132
4.695128840394251,4.205663045165549,5.1133286759704335,4.695128840394251,4.695128840394251,-0.053344268895596195,-0.053344268895596195,-0.053344268895596195,-0.053344268895596195,-0.053344268895596195,-0.053344268895596195,0.0,0.0,0.0,4.641784571498654
4.722388789787089,4.217645280561288,5.108793604824067,4.722388789787089,4.722388789787089,-0.06411797016088414,-0.06411797016088414,-0.06411797016088414,-0.06411797016088414,-0.06411797016088414,-0.06411797016088414,0.0,0.0,0.0,4.658270819626204
4.750557404159688,4.2136348399004655,5.128979892487969,4.750557404159688,4.750557404159688,-0.08740575411933324,-0.08740575411933324,-0.08740575411933324,-0.08740575411933324,-0.08740575411933324,-0.08740575411933324,0.0,0.0,0.0,4.663151650040354
4.778726018532288,4.365468413561186,5.297372442043886,4.778726018532288,4.778726018532288,0.04471876805133425,0.04471876805133425,0.04471876805133425,0.04471876805133425,0.04471876805133425,0.04471876805133425,0.0,0.0,0.0,4.8234447865836225
4.805985969367825,4.387028022329956,5.268845623015849,4.805985969367825,4.805985969367825,0.018464084977036582,0.018464084977036582,0.018464084977036582,0.018464084977036582,0.018464084977036582,0.018464084977036582,0.0,0.0,0.0,4.824450054344862
4.8341545852312136,4.395676271722106,5.310710506112628,4.8341545852312136,4.8341545852312136,0.008595169864053698,0.008595169864053698,0.008595169864053698,0.008595169864053698,0.008595169864053698,0.008595169864053698,0.0,0.0,0.0,4.842749755095268
4.86141453606675,4.420709149400874,5.296097406510033,4.86141453606675,4.86141453606675,-0.004531936115865152,-0.004531936115865152,-0.004531936115865152,-0.004531936115865152,-0.004531936115865152,-0.004531936115865152,0.0,0.0,0.0,4.856882599950885
4.88958315193014,4.435464137064033,5.3247061501782,4.88958315193014,4.88958315193014,-0.018108075000047862,-0.018108075000047862,-0.018108075000047862,-0.018108075000047862,-0.018108075000047862,-0.018108075000047862,0.0,0.0,0.0,4.871475076930092
4.917751767793527,4.419912657694289,5.344065591617724,4.917751767793527,4.917751767793527,-0.03557626323407126,-0.03557626323407126,-0.03557626323407126,-0.03557626323407126,-0.03557626323407126,-0.03557626323407126,0.0,0.0,0.0,4.882175504559456
4.943194388573361,4.441404980150077,5.371302465081851,4.943194388573361,4.943194388573361,-0.04363352421855101,-0.04363352421855101,-0.04363352421855101,-0.04363352421855101,-0.04363352421855101,-0.04363352421855101,0.0,0.0,0.0,4.89956086435481
4.971362006816808,4.499417099628725,5.3756514716067825,4.971362006816808,4.971362006816808,-0.042442817843892984,-0.042442817843892984,-0.042442817843892984,-0.042442817843892984,-0.042442817843892984,-0.042442817843892984,0.0,0.0,0.0,4.928919188972914
4.9986209922136915,4.534103785228793,5.401277870411169,4.9986209922136915,4.9986209922136915,-0.043446185442813146,-0.043446185442813146,-0.043446185442813146,-0.043446185442813146,-0.043446185442813146,-0.043446185442813146,0.0,0.0,0.0,4.955174806770878
5.026788610457138,4.569933812022506,5.436889990415425,5.026788610457138,5.026788610457138,-0.04679282912557802,-0.04679282912557802,-0.04679282912557802,-0.04679282912557802,-0.04679282912557802,-0.04679282912557802,0.0,0.0,0.0,4.97999578133156
5.054047595854022,4.553157634990862,5.4388646221939565,5.054047595854022,5.054047595854022,-0.043469162902226195,-0.043469162902226195,-0.043469162902226195,-0.043469162902226195,-0.043469162902226195,-0.043469162902226195,0.0,0.0,0.0,5.010578432951796
5.082215214097468,4.618201386153419,5.461064551937762,5.082215214097468,5.082215214097468,-0.05003947586361316,-0.05003947586361316,-0.05003947586361316,-0.05003947586361316,-0.05003947586361316,-0.05003947586361316,0.0,0.0,0.0,5.032175738233855
5.110382832340914,4.678479911628818,5.588642366605775,5.110382832340914,5.110382832340914,0.01104410686001107,0.01104410686001107,0.01104410686001107,0.01104410686001107,0.01104410686001107,0.01104410686001107,0.0,0.0,0.0,5.121426939200925
5.137641817737799,4.667206228860542,5.539724094845239,5.137641817737799,5.137641817737799,-0.009874229276010896,-0.009874229276010896,-0.009874229276010896,-0.009874229276010896,-0.009874229276010896,-0.009874229276010896,0.0,0.0,0.0,5.127767588461788
5.165809435981245,4.730365372583875,5.634625794119796,5.165809435981245,5.165809435981245,0.003949206972679067,0.003949206972679067,0.003949206972679067,0.003949206972679067,0.003949206972679067,0.003949206972679067,0.0,0.0,0.0,5.169758642953925
5.193068421378128,4.751117087908674,5.659577929276762,5.193068421378128,5.193068421378128,0.009139583281692029,0.009139583281692029,0.009139583281692029,0.009139583281692029,0.009139583281692029,0.009139583281692029,0.0,0.0,0.0,5.20220800465982
5.221236039621575,4.794576348773697,5.697359242070024,5.221236039621575,5.221236039621575,-0.0006919215770180604,-0.0006919215770180604,-0.0006919215770180604,-0.0006919215770180604,-0.0006919215770180604,-0.0006919215770180604,0.0,0.0,0.0,5.220544118044557
5.249403657865022,4.792370463909347,5.7086719661275165,5.249403657865022,5.249403657865022,-0.0018011525299939629,-0.0018011525299939629,-0.0018011525299939629,-0.0018011525299939629,-0.0018011525299939629,-0.0018011525299939629,0.0,0.0,0.0,5.247602505335028
5.274845377568779,4.739851767549996,5.642248491189641,5.274845377568779,5.274845377568779,-0.08666198395526357,-0.08666198395526357,-0.08666198395526357,-0.08666198395526357,-0.08666198395526357,-0.08666198395526357,0.0,0.0,0.0,5.1881833936135155
5.303012995812226,4.834154118367164,5.6986784431737,5.303012995812226,5.303012995812226,-0.04856156326612696,-0.04856156326612696,-0.04856156326612696,-0.04856156326612696,-0.04856156326612696,-0.04856156326612696,0.0,0.0,0.0,5.254451432546099
5.330271981209109,4.814288624994858,5.734442347250155,5.330271981209109,5.330271981209109,-0.05188282733151682,-0.05188282733151682,-0.05188282733151682,-0.05188282733151682,-0.05188282733151682,-0.05188282733151682,0.0,0.0,0.0,5.278389153877592
5.358439599452556,4.879983843978299,5.798525954041671,5.358439599452556,5.358439599452556,-0.03957311584737216,-0.03957311584737216,-0.03957311584737216,-0.03957311584737216,-0.03957311584737216,-0.03957311584737216,0.0,0.0,0.0,5.318866483605183
5.38569858484944,4.9372057190122645,5.79854823045375,5.38569858484944,5.38569858484944,-0.02260321738496618,-0.02260321738496618,-0.02260321738496618,-0.02260321738496618,-0.02260321738496618,-0.02260321738496618,0.0,0.0,0.0,5.3630953674644735
5.413866203092885,4.968944220518813,5.839919633720665,5.413866203092885,5.413866203092885,-0.013686561701876826,-0.013686561701876826,-0.013686561701876826,-0.013686561701876826,-0.013686561701876826,-0.013686561701876826,0.0,0.0,0.0,5.400179641391008
5.442033821336332,4.9932277454122715,5.898935651536319,5.442033821336332,5.442033821336332,-0.023761726598970245,-0.023761726598970245,-0.023761726598970245,-0.023761726598970245,-0.023761726598970245,-0.023761726598970245,0.0,0.0,0.0,5.418272094737361
5.4692928067332165,4.967610166351002,5.872470507140785,5.4692928067332165,5.4692928067332165,-0.03783268416117575,-0.03783268416117575,-0.03783268416117575,-0.03783268416117575,-0.03783268416117575,-0.03783268416117575,0.0,0.0,0.0,5.431460122572041
5.497460424976662,5.050135572057763,5.962105774328193,5.497460424976662,5.497460424976662,0.00016449235274753024,0.00016449235274753024,0.00016449235274753024,0.00016449235274753024,0.00016449235274753024,0.00016449235274753024,0.0,0.0,0.0,5.49762491732941
5.524719410373546,5.0981585967273,5.99535999174885,5.524719410373546,5.524719410373546,0.02340726893488222,0.02340726893488222,0.02340726893488222,0.02340726893488222,0.02340726893488222,0.02340726893488222,0.0,0.0,0.0,5.548126679308428
5.5528870286169925,5.11634971193284,6.0195390784114755,5.5528870286169925,5.5528870286169925,0.016891506006763937,0.016891506006763937,0.016891506006763937,0.016891506006763937,0.016891506006763937,0.016891506006763937,0.0,0.0,0.0,5.569778534623756
5.581054646860438,5.188556072914686,6.074873724906514,5.581054646860438,5.581054646860438,0.031116312399860974,0.031116312399860974,0.031116312399860974,0.031116312399860974,0.031116312399860974,0.031116312399860974,0.0,0.0,0.0,5.612170959260299
5.607404999410759,5.220096192570407,6.145969204352271,5.607404999410759,5.607404999410759,0.040745090434075634,0.040745090434075634,0.040745090434075634,0.040745090434075634,0.040745090434075634,0.040745090434075634,0.0,0.0,0.0,5.648150089844835
5.635572617654205,5.178850601991575,6.070065482181741,5.635572617654205,5.635572617654205,-0.02900475175693141,-0.02900475175693141,-0.02900475175693141,-0.02900475175693141,-0.02900475175693141,-0.02900475175693141,0.0,0.0,0.0,5.606567865897273
5.662831603051089,5.202965624032332,6.102323829286865,5.662831603051089,5.662831603051089,-0.024929133505616024,-0.024929133505616024,-0.024929133505616024,-0.024929133505616024,-0.024929133505616024,-0.024929133505616024,0.0,0.0,0.0,5.637902469545473
5.690999221294535,5.203217166012764,6.082352185564837,5.690999221294535,5.690999221294535,-0.05921512991610457,-0.05921512991610457,-0.05921512991610457,-0.05921512991610457,-0.05921512991610457,-0.05921512991610457,0.0,0.0,0.0,5.631784091378431
5.718258206691418,5.185711052285126,6.086673328982411,5.718258206691418,5.718258206691418,-0.08451097327473664,-0.08451097327473664,-0.08451097327473664,-0.08451097327473664,-0.08451097327473664,-0.08451097327473664,0.0,0.0,0.0,5.633747233416682
5.746425824934866,5.17762191600344,6.102845370207076,5.746425824934866,5.746425824934866,-0.12574436167133843,-0.12574436167133843,-0.12574436167133843,-0.12574436167133843,-0.12574436167133843,-0.12574436167133843,0.0,0.0,0.0,5.620681463263527
5.774593443178312,5.423930721630992,6.268124983654415,5.774593443178312,5.774593443178312,0.0772255036269294,0.0772255036269294,0.0772255036269294,0.0772255036269294,0.0772255036269294,0.0772255036269294,0.0,0.0,0.0,5.851818946805242
5.801852428575195,5.4202112251631895,6.316028999061651,5.801852428575195,5.801852428575195,0.04713616738464926,0.04713616738464926,0.04713616738464926,0.04713616738464926,0.04713616738464926,0.04713616738464926,0.0,0.0,0.0,5.848988595959844
5.830020046818642,5.3839041611516825,6.2869575225191445,5.830020046818642,5.830020046818642,0.014089883210477626,0.014089883210477626,0.014089883210477626,0.014089883210477626,0.014089883210477626,0.014089883210477626,0.0,0.0,0.0,5.844109930029119
5.857279032215526,5.377086078758375,6.2867407576358945,5.857279032215526,5.857279032215526,-0.01758502585019266,-0.01758502585019266,-0.01758502585019266,-0.01758502585019266,-0.01758502585019266,-0.01758502585019266,0.0,0.0,0.0,5.839694006365334
5.885446650458972,5.368573741268104,6.284642962628536,5.885446650458972,5.885446650458972,-0.03532127898853386,-0.03532127898853386,-0.03532127898853386,-0.03532127898853386,-0.03532127898853386,-0.03532127898853386,0.0,0.0,0.0,5.850125371470438
5.9136142687024185,5.3976607480286285,6.271845399324531,5.9136142687024185,5.9136142687024185,-0.07017012808144928,-0.07017012808144928,-0.07017012808144928,-0.07017012808144928,-0.07017012808144928,-0.07017012808144928,0.0,0.0,0.0,5.843444140620969
5.939055988406176,5.483489264447311,6.383916677357535,5.939055988406176,5.939055988406176,-0.0011482767846531024,-0.0011482767846531024,-0.0011482767846531024,-0.0011482767846531024,-0.0011482767846531024,-0.0011482767846531024,0.0,0.0,0.0,5.9379077116215235
5.967223606649623,5.476821856744471,6.387933005812968,5.967223606649623,5.967223606649623,-0.03591561039751144,-0.03591561039751144,-0.03591561039751144,-0.03591561039751144,-0.03591561039751144,-0.03591561039751144,0.0,0.0,0.0,5.931307996252111
5.994482592046507,5.479570802239612,6.4076148258927645,5.994482592046507,5.994482592046507,-0.03445786447023323,-0.03445786447023323,-0.03445786447023323,-0.03445786447023323,-0.03445786447023323,-0.03445786447023323,0.0,0.0,0.0,5.960024727576274
6.022650210289953,5.520881631589059,6.402131224137456,6.022650210289953,6.022650210289953,-0.05334426889572757,-0.05334426889572757,-0.05334426889572757,-0.05334426889572757,-0.05334426889572757,-0.05334426889572757,0.0,0.0,0.0,5.969305941394225
6.049909195686837,5.5447007780824675,6.412689020222309,6.049909195686837,6.049909195686837,-0.06411797016088326,-0.06411797016088326,-0.06411797016088326,-0.06411797016088326,-0.06411797016088326,-0.06411797016088326,0.0,0.0,0.0,5.985791225525953
6.078076813930283,5.552773811916591,6.437136689495454,6.078076813930283,6.078076813930283,-0.08740575411954528,-0.08740575411954528,-0.08740575411954528,-0.08740575411954528,-0.08740575411954528,-0.08740575411954528,0.0,0.0,0.0,5.990671059810738
6.105335799327166,5.550962054268892,6.442504404946888,6.105335799327166,6.105335799327166,-0.09660974036196159,-0.09660974036196159,-0.09660974036196159,-0.09660974036196159,-0.09660974036196159,-0.09660974036196159,0.0,0.0,0.0,6.0087260589652045
6.13259478472405,5.602646557100971,6.518457283328676,6.132223618341666,6.133636946695532,-0.09242878466959609,-0.09242878466959609,-0.09242878466959609,-0.09242878466959609,-0.09242878466959609,-0.09242878466959609,0.0,0.0,0.0,6.040166000054454
6.160762402967497,5.700648315325539,6.588909494780601,6.15848077421892,6.164299107676893,-0.004779516650401331,-0.004779516650401331,-0.004779516650401331,-0.004779516650401331,-0.004779516650401331,-0.004779516650401331,0.0,0.0,0.0,6.155982886317095
6.18802138836438,5.7734151118481805,6.655979375005951,6.182555043304737,6.195806203070529,0.053636009747429166,0.053636009747429166,0.053636009747429166,0.053636009747429166,0.053636009747429166,0.053636009747429166,0.0,0.0,0.0,6.241657398111809
6.216189006607826,5.8154352609894016,6.7141162994738295,6.205841785429754,6.229827957539447,0.05241646307332858,0.05241646307332858,0.05241646307332858,0.05241646307332858,0.05241646307332858,0.05241646307332858,0.0,0.0,0.0,6.268605469681154
6.2443566248512745,5.858949373519833,6.741798303198198,6.22831995923929,6.265156252436078,0.09423097599533238,0.09423097599533238,0.09423097599533238,0.09423097599533238,0.09423097599533238,0.09423097599533238,0.0,0.0,0.0,6.338587600846607
6.2697983445550305,5.601060056650726,6.508203945626885,6.245781848759839,6.299282707743462,-0.21850380086842086,-0.21850380086842086,-0.21850380086842086,-0.21850380086842086,-0.21850380086842086,-0.21850380086842086,0.0,0.0,0.0,6.05129454368661
6.297965962798479,5.766408597617111,6.696796137267004,6.267836487563034,6.335590465983563,-0.06422908915936701,-0.06422908915936701,-0.06422908915936701,-0.06422908915936701,-0.06422908915936701,-0.06422908915936701,0.0,0.0,0.0,6.233736873639112
6.325224948195362,5.803678456853627,6.679157144279524,6.289146009684327,6.373230102946244,-0.0737878568433957,-0.0737878568433957,-0.0737878568433957,-0.0737878568433957,-0.0737878568433957,-0.0737878568433957,0.0,0.0,0.0,6.251437091351966
6.353392566438808,5.85371067415405,6.782374270427731,6.310083885599178,6.40995248901542,-0.014046975674352749,-0.014046975674352749,-0.014046975674352749,-0.014046975674352749,-0.014046975674352749,-0.014046975674352749,0.0,0.0,0.0,6.339345590764456
6.380651551835692,5.951080476947046,6.835537855796511,6.329163717504969,6.445494699352845,0.04090744127560937,0.04090744127560937,0.04090744127560937,0.04090744127560937,0.04090744127560937,0.04090744127560937,0.0,0.0,0.0,6.421558993111302
6.408819170079138,6.072226094899976,6.948827148996551,6.347653482859117,6.486116923356544,0.08891017080416379,0.08891017080416379,0.08891017080416379,0.08891017080416379,0.08891017080416379,0.08891017080416379,0.0,0.0,0.0,6.497729340883302
6.436986788322584,5.856433301605048,6.746099830669288,6.3653961147018405,6.5253404940563415,-0.13456843344601319,-0.13456843344601319,-0.13456843344601319,-0.13456843344601319,-0.13456843344601319,-0.13456843344601319,0.0,0.0,0.0,6.302418354876571
6.464245773719468,5.865110492610706,6.782246076659785,6.3835234701282975,6.562260398525794,-0.11897763539051423,-0.11897763539051423,-0.11897763539051423,-0.11897763539051423,-0.11897763539051423,-0.11897763539051423,0.0,0.0,0.0,6.3452681383289535
6.492413391962914,6.00261697100218,6.937487505442929,6.403889125654316,6.599297529375552,-0.005922203787016471,-0.005922203787016471,-0.005922203787016471,-0.005922203787016471,-0.005922203787016471,-0.005922203787016471,0.0,0.0,0.0,6.486491188175897
6.5196723773597975,6.136336505188296,7.042175435271898,6.419987512626906,6.635004992150808,0.06954659844599695,0.06954659844599695,0.06954659844599695,0.06954659844599695,0.06954659844599695,0.06954659844599695,0.0,0.0,0.0,6.589218975805794
6.547839995603245,6.111692607839335,7.068302417602136,6.437761365858784,6.673132590743338,0.0702858413268825,0.0702858413268825,0.0702858413268825,0.0702858413268825,0.0702858413268825,0.0702858413268825,0.0,0.0,0.0,6.618125836930127
6.5760076138466905,6.23417839783479,7.200082950851308,6.454637361232482,6.7152988945305525,0.12435878694082304,0.12435878694082304,0.12435878694082304,0.12435878694082304,0.12435878694082304,0.12435878694082304,0.0,0.0,0.0,6.700366400787513
6.601449333550449,5.829217364544698,6.824734462586944,6.469956358934121,6.750605539453838,-0.2631974101348671,-0.2631974101348671,-0.2631974101348671,-0.2631974101348671,-0.2631974101348671,-0.2631974101348671,0.0,0.0,0.0,6.338251923415582
6.629616951793896,6.073883586437812,6.999033013315855,6.486421299564172,6.790411195448405,-0.06847983766680792,-0.06847983766680792,-0.06847983766680792,-0.06847983766680792,-0.06847983766680792,-0.06847983766680792,0.0,0.0,0.0,6.561137114127088
6.656875937190779,6.111003239661726,7.082742694516653,6.505408711484169,6.8338034958895815,-0.07992902302573636,-0.07992902302573636,-0.07992902302573636,-0.07992902302573636,-0.07992902302573636,-0.07992902302573636,0.0,0.0,0.0,6.576946914165042
6.685043555434226,6.216240036404142,7.151951090238363,6.521931836673622,6.874372343917077,-0.004303122637097902,-0.004303122637097902,-0.004303122637097902,-0.004303122637097902,-0.004303122637097902,-0.004303122637097902,0.0,0.0,0.0,6.680740432797128
6.712302540831109,6.287389282960065,7.281375669862927,6.538958452056617,6.911526785058422,0.06225134990725954,0.06225134990725954,0.06225134990725954,0.06225134990725954,0.06225134990725954,0.06225134990725954,0.0,0.0,0.0,6.7745538907383684
6.7404701590745555,6.37444247558091,7.3723832486194105,6.551402906238834,6.958246334318095,0.12083767961436764,0.12083767961436764,0.12083767961436764,0.12083767961436764,0.12083767961436764,0.12083767961436764,0.0,0.0,0.0,6.861307838688923
6.768637777318002,6.082645773242654,7.126757269464251,6.5687275161072725,7.001735996270469,-0.17349144966695496,-0.17349144966695496,-0.17349144966695496,-0.17349144966695496,-0.17349144966695496,-0.17349144966695496,0.0,0.0,0.0,6.595146327651047
6.795896762714885,6.138576309418121,7.167761953559727,6.583400999135149,7.046365488972506,-0.14496920359886098,-0.14496920359886098,-0.14496920359886098,-0.14496920359886098,-0.14496920359886098,-0.14496920359886098,0.0,0.0,0.0,6.650927559116024
6.8240643809583315,6.301600165487304,7.389608108140473,6.598607015875247,7.094675500897663,-0.006170469165051272,-0.006170469165051272,-0.006170469165051272,-0.006170469165051272,-0.006170469165051272,-0.006170469165051272,0.0,0.0,0.0,6.81789391179328
6.851323366355216,6.432649239689975,7.486060897963945,6.6151323099746895,7.139720428582649,0.08595251651410875,0.08595251651410875,0.08595251651410875,0.08595251651410875,0.08595251651410875,0.08595251651410875,0.0,0.0,0.0,6.937275882869325
6.879490984598662,6.39949967474668,7.5343791101864435,6.629802365044624,7.185778698323432,0.08817833719186326,0.08817833719186326,0.08817833719186326,0.08817833719186326,0.08817833719186326,0.08817833719186326,0.0,0.0,0.0,6.967669321790525
6.907658602842108,6.531623254337368,7.60939052495379,6.640452568554208,7.236249770681733,0.15349027486197656,0.15349027486197656,0.15349027486197656,0.15349027486197656,0.15349027486197656,0.15349027486197656,0.0,0.0,0.0,7.061148877704085
6.93400895539243,6.245874795474155,7.390635492271628,6.651344064786913,7.281303819371384,-0.1301838815040389,-0.1301838815040389,-0.1301838815040389,-0.1301838815040389,-0.1301838815040389,-0.1301838815040389,0.0,0.0,0.0,6.80382507388839
6.962176573635875,6.384043947316184,7.485537285976144,6.665146869078824,7.3285185945698395,-0.0542476907910767,-0.0542476907910767,-0.0542476907910767,-0.0542476907910767,-0.0542476907910767,-0.0542476907910767,0.0,0.0,0.0,6.907928882844798
6.989435559032759,6.367016228418464,7.544660678895805,6.685394596221205,7.37284883820164,-0.05975770578155107,-0.05975770578155107,-0.05975770578155107,-0.05975770578155107,-0.05975770578155107,-0.05975770578155107,0.0,0.0,0.0,6.929677853251208
7.0176031772762055,6.437475443571968,7.5930040122726075,6.696726173690432,7.4121054811564875,-0.0316987520393384,-0.0316987520393384,-0.0316987520393384,-0.0316987520393384,-0.0316987520393384,-0.0316987520393384,0.0,0.0,0.0,6.985904425236867
7.0448621626730885,6.484921397089069,7.644026739042448,6.705260149814494,7.4549663450538715,-0.0015590532381510062,-0.0015590532381510062,-0.0015590532381510062,-0.0015590532381510062,-0.0015590532381510062,-0.0015590532381510062,0.0,0.0,0.0,7.043303109434937
7.073029780916535,6.504453673807821,7.740445957986361,6.721763530767988,7.508493735590208,0.021613833298149976,0.021613833298149976,0.021613833298149976,0.021613833298149976,0.021613833298149976,0.021613833298149976,0.0,0.0,0.0,7.094643614214685
