Month,Year,LA_Births
1992-01-01,1992,6996
1992-02-01,1992,6681
1992-03-01,1992,7642
1992-04-01,1992,7347
1992-05-01,1992,7706
1992-06-01,1992,7687
1992-07-01,1992,7708
1992-08-01,1992,7322
1992-09-01,1992,7315
1992-10-01,1992,7180
1992-11-01,1992,6740
1992-12-01,1992,6907
1992-01-01,1992,6996
1992-02-01,1992,6681
1992-03-01,1992,7642
1992-04-01,1992,7347
1992-05-01,1992,7706
1992-06-01,1992,7687
1992-07-01,1992,7708
1992-08-01,1992,7322
1992-09-01,1992,7315
1992-10-01,1992,7180
1992-11-01,1992,6740
1992-12-01,1992,6907
1992-01-01,1992,6996
1992-02-01,1992,6681
1992-03-01,1992,7642
1992-04-01,1992,7347
1992-05-01,1992,7706
1992-06-01,1992,7687
1992-07-01,1992,7708
1992-08-01,1992,7322
1992-09-01,1992,7315
1992-10-01,1992,7180
1992-11-01,1992,6740
1992-12-01,1992,6907
1992-01-01,1992,6996
1992-02-01,1992,6681
1992-03-01,1992,7642
1992-04-01,1992,7347
1992-05-01,1992,7706
1992-06-01,1992,7687
1992-07-01,1992,7708
1992-08-01,1992,7322
1992-09-01,1992,7315
1992-10-01,1992,7180
1992-11-01,1992,6740
1992-12-01,1992,6907
1992-01-01,1992,6996
1992-02-01,1992,6681
1992-03-01,1992,7642
1992-04-01,1992,7347
1992-05-01,1992,7706
1992-06-01,1992,7687
1992-07-01,1992,7708
1992-08-01,1992,7322
1992-09-01,1992,7315
1992-10-01,1992,7180
1992-11-01,1992,6740
1992-12-01,1992,6907
1992-01-01,1992,6996
1992-02-01,1992,6681
1992-03-01,1992,7642
1992-04-01,1992,7347
1992-05-01,1992,7706
1992-06-01,1992,7687
1992-07-01,1992,7708
1992-08-01,1992,7322
1992-09-01,1992,7315
1992-10-01,1992,7180
1992-11-01,1992,6740
1992-12-01,1992,6907
1992-01-01,1992,6996
1992-02-01,1992,6681
1992-03-01,1992,7642
1992-04-01,1992,7347
1992-05-01,1992,7706
1992-06-01,1992,7687
1992-07-01,1992,7708
1992-08-01,1992,7322
1992-09-01,1992,7315
1992-10-01,1992,7180
1992-11-01,1992,6740
1992-12-01,1992,6907
1992-01-01,1992,6996
1992-02-01,1992,6681
1992-03-01,1992,7642
1992-04-01,1992,7347
1992-05-01,1992,7706
1992-06-01,1992,7687
1992-07-01,1992,7708
1992-08-01,1992,7322
1992-09-01,1992,7315
1992-10-01,1992,7180
1992-11-01,1992,6740
1992-12-01,1992,6907
1992-01-01,1992,6996
1992-02-01,1992,6681
1992-03-01,1992,7642
1992-04-01,1992,7347
1992-05-01,1992,7706
1992-06-01,1992,7687
1992-07-01,1992,7708
1992-08-01,1992,7322
1992-09-01,1992,7315
1992-10-01,1992,7180
1992-11-01,1992,6740
1992-12-01,1992,6907
1992-01-01,1992,6996
1992-02-01,1992,6681
1992-03-01,1992,7642
1992-04-01,1992,7347
1992-05-01,1992,7706
1992-06-01,1992,7687
1992-07-01,1992,7708
1992-08-01,1992,7322
1992-09-01,1992,7315
1992-10-01,1992,7180
1992-11-01,1992,6740
1992-12-01,1992,6907
1992-01-01,1992,6996
1992-02-01,1992,6681
1992-03-01,1992,7642
1992-04-01,1992,7347
1992-05-01,1992,7706
1992-06-01,1992,7687
1992-07-01,1992,7708
1992-08-01,1992,7322
1992-09-01,1992,7315
1992-10-01,1992,7180
1992-11-01,1992,6740
1992-12-01,1992,6907
1992-01-01,1992,6996
1992-02-01,1992,6681
1992-03-01,1992,7642
1992-04-01,1992,7347
1992-05-01,1992,7706
1992-06-01,1992,7687
1992-07-01,1992,7708
1992-08-01,1992,7322
1992-09-01,1992,7315
1992-10-01,1992,7180
1992-11-01,1992,6740
1992-12-01,1992,6907
1993-01-01,1993,6774
1993-02-01,1993,6418
1993-03-01,1993,7392
1993-04-01,1993,7163
1993-05-01,1993,7504
1993-06-01,1993,7373
1993-07-01,1993,7421
1993-08-01,1993,7397
1993-09-01,1993,7250
1993-10-01,1993,6939
1993-11-01,1993,6417
1993-12-01,1993,6620
1993-01-01,1993,6774
1993-02-01,1993,6418
1993-03-01,1993,7392
1993-04-01,1993,7163
1993-05-01,1993,7504
1993-06-01,1993,7373
1993-07-01,1993,7421
1993-08-01,1993,7397
1993-09-01,1993,7250
1993-10-01,1993,6939
1993-11-01,1993,6417
1993-12-01,1993,6620
1993-01-01,1993,6774
1993-02-01,1993,6418
1993-03-01,1993,7392
1993-04-01,1993,7163
1993-05-01,1993,7504
1993-06-01,1993,7373
1993-07-01,1993,7421
1993-08-01,1993,7397
1993-09-01,1993,7250
1993-10-01,1993,6939
1993-11-01,1993,6417
1993-12-01,1993,6620
1993-01-01,1993,6774
1993-02-01,1993,6418
1993-03-01,1993,7392
1993-04-01,1993,7163
1993-05-01,1993,7504
1993-06-01,1993,7373
1993-07-01,1993,7421
1993-08-01,1993,7397
1993-09-01,1993,7250
1993-10-01,1993,6939
1993-11-01,1993,6417
1993-12-01,1993,6620
1993-01-01,1993,6774
1993-02-01,1993,6418
1993-03-01,1993,7392
1993-04-01,1993,7163
1993-05-01,1993,7504
1993-06-01,1993,7373
1993-07-01,1993,7421
1993-08-01,1993,7397
1993-09-01,1993,7250
1993-10-01,1993,6939
1993-11-01,1993,6417
1993-12-01,1993,6620
1993-01-01,1993,6774
1993-02-01,1993,6418
1993-03-01,1993,7392
1993-04-01,1993,7163
1993-05-01,1993,7504
1993-06-01,1993,7373
1993-07-01,1993,7421
1993-08-01,1993,7397
1993-09-01,1993,7250
1993-10-01,1993,6939
1993-11-01,1993,6417
1993-12-01,1993,6620
1993-01-01,1993,6774
1993-02-01,1993,6418
1993-03-01,1993,7392
1993-04-01,1993,7163
1993-05-01,1993,7504
1993-06-01,1993,7373
1993-07-01,1993,7421
1993-08-01,1993,7397
1993-09-01,1993,7250
1993-10-01,1993,6939
1993-11-01,1993,6417
1993-12-01,1993,6620
1993-01-01,1993,6774
1993-02-01,1993,6418
1993-03-01,1993,7392
1993-04-01,1993,7163
1993-05-01,1993,7504
1993-06-01,1993,7373
1993-07-01,1993,7421
1993-08-01,1993,7397
1993-09-01,1993,7250
1993-10-01,1993,6939
1993-11-01,1993,6417
1993-12-01,1993,6620
1993-01-01,1993,6774
1993-02-01,1993,6418
1993-03-01,1993,7392
1993-04-01,1993,7163
1993-05-01,1993,7504
1993-06-01,1993,7373
1993-07-01,1993,7421
1993-08-01,1993,7397
1993-09-01,1993,7250
1993-10-01,1993,6939
1993-11-01,1993,6417
1993-12-01,1993,6620
1993-01-01,1993,6774
1993-02-01,1993,6418
1993-03-01,1993,7392
1993-04-01,1993,7163
1993-05-01,1993,7504
1993-06-01,1993,7373
1993-07-01,1993,7421
1993-08-01,1993,7397
1993-09-01,1993,7250
1993-10-01,1993,6939
1993-11-01,1993,6417
1993-12-01,1993,6620
1993-01-01,1993,6774
1993-02-01,1993,6418
1993-03-01,1993,7392
1993-04-01,1993,7163
1993-05-01,1993,7504
1993-06-01,1993,7373
1993-07-01,1993,7421
1993-08-01,1993,7397
1993-09-01,1993,7250
1993-10-01,1993,6939
1993-11-01,1993,6417
1993-12-01,1993,6620
1993-01-01,1993,6774
1993-02-01,1993,6418
1993-03-01,1993,7392
1993-04-01,1993,7163
1993-05-01,1993,7504
1993-06-01,1993,7373
1993-07-01,1993,7421
1993-08-01,1993,7397
1993-09-01,1993,7250
1993-10-01,1993,6939
1993-11-01,1993,6417
1993-12-01,1993,6620
1994-01-01,1994,6609
1994-02-01,1994,6329
1994-03-01,1994,7151
1994-04-01,1994,7042
1994-05-01,1994,7375
1994-06-01,1994,7232
1994-07-01,1994,7621
1994-08-01,1994,7395
1994-09-01,1994,6987
1994-10-01,1994,7071
1994-11-01,1994,6334
1994-12-01,1994,6641
1994-01-01,1994,6609
1994-02-01,1994,6329
1994-03-01,1994,7151
1994-04-01,1994,7042
1994-05-01,1994,7375
1994-06-01,1994,7232
1994-07-01,1994,7621
1994-08-01,1994,7395
1994-09-01,1994,6987
1994-10-01,1994,7071
1994-11-01,1994,6334
1994-12-01,1994,6641
1994-01-01,1994,6609
1994-02-01,1994,6329
1994-03-01,1994,7151
1994-04-01,1994,7042
1994-05-01,1994,7375
1994-06-01,1994,7232
1994-07-01,1994,7621
1994-08-01,1994,7395
1994-09-01,1994,6987
1994-10-01,1994,7071
1994-11-01,1994,6334
1994-12-01,1994,6641
1994-01-01,1994,6609
1994-02-01,1994,6329
1994-03-01,1994,7151
1994-04-01,1994,7042
1994-05-01,1994,7375
1994-06-01,1994,7232
1994-07-01,1994,7621
1994-08-01,1994,7395
1994-09-01,1994,6987
1994-10-01,1994,7071
1994-11-01,1994,6334
1994-12-01,1994,6641
1994-01-01,1994,6609
1994-02-01,1994,6329
1994-03-01,1994,7151
1994-04-01,1994,7042
1994-05-01,1994,7375
1994-06-01,1994,7232
1994-07-01,1994,7621
1994-08-01,1994,7395
1994-09-01,1994,6987
1994-10-01,1994,7071
1994-11-01,1994,6334
1994-12-01,1994,6641
1994-01-01,1994,6609
1994-02-01,1994,6329
1994-03-01,1994,7151
1994-04-01,1994,7042
1994-05-01,1994,7375
1994-06-01,1994,7232
1994-07-01,1994,7621
1994-08-01,1994,7395
1994-09-01,1994,6987
1994-10-01,1994,7071
1994-11-01,1994,6334
1994-12-01,1994,6641
1994-01-01,1994,6609
1994-02-01,1994,6329
1994-03-01,1994,7151
1994-04-01,1994,7042
1994-05-01,1994,7375
1994-06-01,1994,7232
1994-07-01,1994,7621
1994-08-01,1994,7395
1994-09-01,1994,6987
1994-10-01,1994,7071
1994-11-01,1994,6334
1994-12-01,1994,6641
1994-01-01,1994,6609
1994-02-01,1994,6329
1994-03-01,1994,7151
1994-04-01,1994,7042
1994-05-01,1994,7375
1994-06-01,1994,7232
1994-07-01,1994,7621
1994-08-01,1994,7395
1994-09-01,1994,6987
1994-10-01,1994,7071
1994-11-01,1994,6334
1994-12-01,1994,6641
1994-01-01,1994,6609
1994-02-01,1994,6329
1994-03-01,1994,7151
1994-04-01,1994,7042
1994-05-01,1994,7375
1994-06-01,1994,7232
1994-07-01,1994,7621
1994-08-01,1994,7395
1994-09-01,1994,6987
1994-10-01,1994,7071
1994-11-01,1994,6334
1994-12-01,1994,6641
1994-01-01,1994,6609
1994-02-01,1994,6329
1994-03-01,1994,7151
1994-04-01,1994,7042
1994-05-01,1994,7375
1994-06-01,1994,7232
1994-07-01,1994,7621
1994-08-01,1994,7395
1994-09-01,1994,6987
1994-10-01,1994,7071
1994-11-01,1994,6334
1994-12-01,1994,6641
1994-01-01,1994,6609
1994-02-01,1994,6329
1994-03-01,1994,7151
1994-04-01,1994,7042
1994-05-01,1994,7375
1994-06-01,1994,7232
1994-07-01,1994,7621
1994-08-01,1994,7395
1994-09-01,1994,6987
1994-10-01,1994,7071
1994-11-01,1994,6334
1994-12-01,1994,6641
1994-01-01,1994,6609
1994-02-01,1994,6329
1994-03-01,1994,7151
1994-04-01,1994,7042
1994-05-01,1994,7375
1994-06-01,1994,7232
1994-07-01,1994,7621
1994-08-01,1994,7395
1994-09-01,1994,6987
1994-10-01,1994,7071
1994-11-01,1994,6334
1994-12-01,1994,6641
1995-01-01,1995,6564
1995-02-01,1995,6031
1995-03-01,1995,6939
1995-04-01,1995,6586
1995-05-01,1995,7261
1995-06-01,1995,7304
1995-07-01,1995,7404
1995-08-01,1995,7269
1995-09-01,1995,7075
1995-10-01,1995,6645
1995-11-01,1995,6367
1995-12-01,1995,6203
1995-01-01,1995,6564
1995-02-01,1995,6031
1995-03-01,1995,6939
1995-04-01,1995,6586
1995-05-01,1995,7261
1995-06-01,1995,7304
1995-07-01,1995,7404
1995-08-01,1995,7269
1995-09-01,1995,7075
1995-10-01,1995,6645
1995-11-01,1995,6367
1995-12-01,1995,6203
1995-01-01,1995,6564
1995-02-01,1995,6031
1995-03-01,1995,6939
1995-04-01,1995,6586
1995-05-01,1995,7261
1995-06-01,1995,7304
1995-07-01,1995,7404
1995-08-01,1995,7269
1995-09-01,1995,7075
1995-10-01,1995,6645
1995-11-01,1995,6367
1995-12-01,1995,6203
1995-01-01,1995,6564
1995-02-01,1995,6031
1995-03-01,1995,6939
1995-04-01,1995,6586
1995-05-01,1995,7261
1995-06-01,1995,7304
1995-07-01,1995,7404
1995-08-01,1995,7269
1995-09-01,1995,7075
1995-10-01,1995,6645
1995-11-01,1995,6367
1995-12-01,1995,6203
1995-01-01,1995,6564
1995-02-01,1995,6031
1995-03-01,1995,6939
1995-04-01,1995,6586
1995-05-01,1995,7261
1995-06-01,1995,7304
1995-07-01,1995,7404
1995-08-01,1995,7269
1995-09-01,1995,7075
1995-10-01,1995,6645
1995-11-01,1995,6367
1995-12-01,1995,6203
1995-01-01,1995,6564
1995-02-01,1995,6031
1995-03-01,1995,6939
1995-04-01,1995,6586
1995-05-01,1995,7261
1995-06-01,1995,7304
1995-07-01,1995,7404
1995-08-01,1995,7269
1995-09-01,1995,7075
1995-10-01,1995,6645
1995-11-01,1995,6367
1995-12-01,1995,6203
1995-01-01,1995,6564
1995-02-01,1995,6031
1995-03-01,1995,6939
1995-04-01,1995,6586
1995-05-01,1995,7261
1995-06-01,1995,7304
1995-07-01,1995,7404
1995-08-01,1995,7269
1995-09-01,1995,7075
1995-10-01,1995,6645
1995-11-01,1995,6367
1995-12-01,1995,6203
1995-01-01,1995,6564
1995-02-01,1995,6031
1995-03-01,1995,6939
1995-04-01,1995,6586
1995-05-01,1995,7261
1995-06-01,1995,7304
1995-07-01,1995,7404
1995-08-01,1995,7269
1995-09-01,1995,7075
1995-10-01,1995,6645
1995-11-01,1995,6367
1995-12-01,1995,6203
1995-01-01,1995,6564
1995-02-01,1995,6031
1995-03-01,1995,6939
1995-04-01,1995,6586
1995-05-01,1995,7261
1995-06-01,1995,7304
1995-07-01,1995,7404
1995-08-01,1995,7269
1995-09-01,1995,7075
1995-10-01,1995,6645
1995-11-01,1995,6367
1995-12-01,1995,6203
1995-01-01,1995,6564
1995-02-01,1995,6031
1995-03-01,1995,6939
1995-04-01,1995,6586
1995-05-01,1995,7261
1995-06-01,1995,7304
1995-07-01,1995,7404
1995-08-01,1995,7269
1995-09-01,1995,7075
1995-10-01,1995,6645
1995-11-01,1995,6367
1995-12-01,1995,6203
1995-01-01,1995,6564
1995-02-01,1995,6031
1995-03-01,1995,6939
1995-04-01,1995,6586
1995-05-01,1995,7261
1995-06-01,1995,7304
1995-07-01,1995,7404
1995-08-01,1995,7269
1995-09-01,1995,7075
1995-10-01,1995,6645
1995-11-01,1995,6367
1995-12-01,1995,6203
1995-01-01,1995,6564
1995-02-01,1995,6031
1995-03-01,1995,6939
1995-04-01,1995,6586
1995-05-01,1995,7261
1995-06-01,1995,7304
1995-07-01,1995,7404
1995-08-01,1995,7269
1995-09-01,1995,7075
1995-10-01,1995,6645
1995-11-01,1995,6367
1995-12-01,1995,6203
1996-01-01,1996,6268
1996-02-01,1996,6112
1996-03-01,1996,6531
1996-04-01,1996,6706
1996-05-01,1996,7104
1996-06-01,1996,6895
1996-07-01,1996,7148
1996-08-01,1996,7026
1996-09-01,1996,6791
1996-10-01,1996,6930
1996-11-01,1996,6232
1996-12-01,1996,6533
1996-01-01,1996,6268
1996-02-01,1996,6112
1996-03-01,1996,6531
1996-04-01,1996,6706
1996-05-01,1996,7104
1996-06-01,1996,6895
1996-07-01,1996,7148
1996-08-01,1996,7026
1996-09-01,1996,6791
1996-10-01,1996,6930
1996-11-01,1996,6232
1996-12-01,1996,6533
1996-01-01,1996,6268
1996-02-01,1996,6112
1996-03-01,1996,6531
1996-04-01,1996,6706
1996-05-01,1996,7104
1996-06-01,1996,6895
1996-07-01,1996,7148
1996-08-01,1996,7026
1996-09-01,1996,6791
1996-10-01,1996,6930
1996-11-01,1996,6232
1996-12-01,1996,6533
1996-01-01,1996,6268
1996-02-01,1996,6112
1996-03-01,1996,6531
1996-04-01,1996,6706
1996-05-01,1996,7104
1996-06-01,1996,6895
1996-07-01,1996,7148
1996-08-01,1996,7026
1996-09-01,1996,6791
1996-10-01,1996,6930
1996-11-01,1996,6232
1996-12-01,1996,6533
1996-01-01,1996,6268
1996-02-01,1996,6112
1996-03-01,1996,6531
1996-04-01,1996,6706
1996-05-01,1996,7104
1996-06-01,1996,6895
1996-07-01,1996,7148
1996-08-01,1996,7026
1996-09-01,1996,6791
1996-10-01,1996,6930
1996-11-01,1996,6232
1996-12-01,1996,6533
1996-01-01,1996,6268
1996-02-01,1996,6112
1996-03-01,1996,6531
1996-04-01,1996,6706
1996-05-01,1996,7104
1996-06-01,1996,6895
1996-07-01,1996,7148
1996-08-01,1996,7026
1996-09-01,1996,6791
1996-10-01,1996,6930
1996-11-01,1996,6232
1996-12-01,1996,6533
1996-01-01,1996,6268
1996-02-01,1996,6112
1996-03-01,1996,6531
1996-04-01,1996,6706
1996-05-01,1996,7104
1996-06-01,1996,6895
1996-07-01,1996,7148
1996-08-01,1996,7026
1996-09-01,1996,6791
1996-10-01,1996,6930
1996-11-01,1996,6232
1996-12-01,1996,6533
1996-01-01,1996,6268
1996-02-01,1996,6112
1996-03-01,1996,6531
1996-04-01,1996,6706
1996-05-01,1996,7104
1996-06-01,1996,6895
1996-07-01,1996,7148
1996-08-01,1996,7026
1996-09-01,1996,6791
1996-10-01,1996,6930
1996-11-01,1996,6232
1996-12-01,1996,6533
1996-01-01,1996,6268
1996-02-01,1996,6112
1996-03-01,1996,6531
1996-04-01,1996,6706
1996-05-01,1996,7104
1996-06-01,1996,6895
1996-07-01,1996,7148
1996-08-01,1996,7026
1996-09-01,1996,6791
1996-10-01,1996,6930
1996-11-01,1996,6232
1996-12-01,1996,6533
1996-01-01,1996,6268
1996-02-01,1996,6112
1996-03-01,1996,6531
1996-04-01,1996,6706
1996-05-01,1996,7104
1996-06-01,1996,6895
1996-07-01,1996,7148
1996-08-01,1996,7026
1996-09-01,1996,6791
1996-10-01,1996,6930
1996-11-01,1996,6232
1996-12-01,1996,6533
1996-01-01,1996,6268
1996-02-01,1996,6112
1996-03-01,1996,6531
1996-04-01,1996,6706
1996-05-01,1996,7104
1996-06-01,1996,6895
1996-07-01,1996,7148
1996-08-01,1996,7026
1996-09-01,1996,6791
1996-10-01,1996,6930
1996-11-01,1996,6232
1996-12-01,1996,6533
1996-01-01,1996,6268
1996-02-01,1996,6112
1996-03-01,1996,6531
1996-04-01,1996,6706
1996-05-01,1996,7104
1996-06-01,1996,6895
1996-07-01,1996,7148
1996-08-01,1996,7026
1996-09-01,1996,6791
1996-10-01,1996,6930
1996-11-01,1996,6232
1996-12-01,1996,6533
1997-01-01,1997,6355
1997-02-01,1997,5928
1997-03-01,1997,6686
1997-04-01,1997,6717
1997-05-01,1997,7075
1997-06-01,1997,6906
1997-07-01,1997,7272
1997-08-01,1997,7063
1997-09-01,1997,6921
1997-10-01,1997,6773
1997-11-01,1997,6215
1997-12-01,1997,6453
1997-01-01,1997,6355
1997-02-01,1997,5928
1997-03-01,1997,6686
1997-04-01,1997,6717
1997-05-01,1997,7075
1997-06-01,1997,6906
1997-07-01,1997,7272
1997-08-01,1997,7063
1997-09-01,1997,6921
1997-10-01,1997,6773
1997-11-01,1997,6215
1997-12-01,1997,6453
1997-01-01,1997,6355
1997-02-01,1997,5928
1997-03-01,1997,6686
1997-04-01,1997,6717
1997-05-01,1997,7075
1997-06-01,1997,6906
1997-07-01,1997,7272
1997-08-01,1997,7063
1997-09-01,1997,6921
1997-10-01,1997,6773
1997-11-01,1997,6215
1997-12-01,1997,6453
1997-01-01,1997,6355
1997-02-01,1997,5928
1997-03-01,1997,6686
1997-04-01,1997,6717
1997-05-01,1997,7075
1997-06-01,1997,6906
1997-07-01,1997,7272
1997-08-01,1997,7063
1997-09-01,1997,6921
1997-10-01,1997,6773
1997-11-01,1997,6215
1997-12-01,1997,6453
1997-01-01,1997,6355
1997-02-01,1997,5928
1997-03-01,1997,6686
1997-04-01,1997,6717
1997-05-01,1997,7075
1997-06-01,1997,6906
1997-07-01,1997,7272
1997-08-01,1997,7063
1997-09-01,1997,6921
1997-10-01,1997,6773
1997-11-01,1997,6215
1997-12-01,1997,6453
1997-01-01,1997,6355
1997-02-01,1997,5928
1997-03-01,1997,6686
1997-04-01,1997,6717
1997-05-01,1997,7075
1997-06-01,1997,6906
1997-07-01,1997,7272
1997-08-01,1997,7063
1997-09-01,1997,6921
1997-10-01,1997,6773
1997-11-01,1997,6215
1997-12-01,1997,6453
1997-01-01,1997,6355
1997-02-01,1997,5928
1997-03-01,1997,6686
1997-04-01,1997,6717
1997-05-01,1997,7075
1997-06-01,1997,6906
1997-07-01,1997,7272
1997-08-01,1997,7063
1997-09-01,1997,6921
1997-10-01,1997,6773
1997-11-01,1997,6215
1997-12-01,1997,6453
1997-01-01,1997,6355
1997-02-01,1997,5928
1997-03-01,1997,6686
1997-04-01,1997,6717
1997-05-01,1997,7075
1997-06-01,1997,6906
1997-07-01,1997,7272
1997-08-01,1997,7063
1997-09-01,1997,6921
1997-10-01,1997,6773
1997-11-01,1997,6215
1997-12-01,1997,6453
1997-01-01,1997,6355
1997-02-01,1997,5928
1997-03-01,1997,6686
1997-04-01,1997,6717
1997-05-01,1997,7075
1997-06-01,1997,6906
1997-07-01,1997,7272
1997-08-01,1997,7063
1997-09-01,1997,6921
1997-10-01,1997,6773
1997-11-01,1997,6215
1997-12-01,1997,6453
1997-01-01,1997,6355
1997-02-01,1997,5928
1997-03-01,1997,6686
1997-04-01,1997,6717
1997-05-01,1997,7075
1997-06-01,1997,6906
1997-07-01,1997,7272
1997-08-01,1997,7063
1997-09-01,1997,6921
1997-10-01,1997,6773
1997-11-01,1997,6215
1997-12-01,1997,6453
1997-01-01,1997,6355
1997-02-01,1997,5928
1997-03-01,1997,6686
1997-04-01,1997,6717
1997-05-01,1997,7075
1997-06-01,1997,6906
1997-07-01,1997,7272
1997-08-01,1997,7063
1997-09-01,1997,6921
1997-10-01,1997,6773
1997-11-01,1997,6215
1997-12-01,1997,6453
1997-01-01,1997,6355
1997-02-01,1997,5928
1997-03-01,1997,6686
1997-04-01,1997,6717
1997-05-01,1997,7075
1997-06-01,1997,6906
1997-07-01,1997,7272
1997-08-01,1997,7063
1997-09-01,1997,6921
1997-10-01,1997,6773
1997-11-01,1997,6215
1997-12-01,1997,6453
1998-01-01,1998,6504
1998-02-01,1998,6121
1998-03-01,1998,6947
1998-04-01,1998,6835
1998-05-01,1998,7273
1998-06-01,1998,6929
1998-07-01,1998,7315
1998-08-01,1998,7052
1998-09-01,1998,7012
1998-10-01,1998,6755
1998-11-01,1998,6159
1998-12-01,1998,6509
1998-01-01,1998,6504
1998-02-01,1998,6121
1998-03-01,1998,6947
1998-04-01,1998,6835
1998-05-01,1998,7273
1998-06-01,1998,6929
1998-07-01,1998,7315
1998-08-01,1998,7052
1998-09-01,1998,7012
1998-10-01,1998,6755
1998-11-01,1998,6159
1998-12-01,1998,6509
1998-01-01,1998,6504
1998-02-01,1998,6121
1998-03-01,1998,6947
1998-04-01,1998,6835
1998-05-01,1998,7273
1998-06-01,1998,6929
1998-07-01,1998,7315
1998-08-01,1998,7052
1998-09-01,1998,7012
1998-10-01,1998,6755
1998-11-01,1998,6159
1998-12-01,1998,6509
1998-01-01,1998,6504
1998-02-01,1998,6121
1998-03-01,1998,6947
1998-04-01,1998,6835
1998-05-01,1998,7273
1998-06-01,1998,6929
1998-07-01,1998,7315
1998-08-01,1998,7052
1998-09-01,1998,7012
1998-10-01,1998,6755
1998-11-01,1998,6159
1998-12-01,1998,6509
1998-01-01,1998,6504
1998-02-01,1998,6121
1998-03-01,1998,6947
1998-04-01,1998,6835
1998-05-01,1998,7273
1998-06-01,1998,6929
1998-07-01,1998,7315
1998-08-01,1998,7052
1998-09-01,1998,7012
1998-10-01,1998,6755
1998-11-01,1998,6159
1998-12-01,1998,6509
1998-01-01,1998,6504
1998-02-01,1998,6121
1998-03-01,1998,6947
1998-04-01,1998,6835
1998-05-01,1998,7273
1998-06-01,1998,6929
1998-07-01,1998,7315
1998-08-01,1998,7052
1998-09-01,1998,7012
1998-10-01,1998,6755
1998-11-01,1998,6159
1998-12-01,1998,6509
1998-01-01,1998,6504
1998-02-01,1998,6121
1998-03-01,1998,6947
1998-04-01,1998,6835
1998-05-01,1998,7273
1998-06-01,1998,6929
1998-07-01,1998,7315
1998-08-01,1998,7052
1998-09-01,1998,7012
1998-10-01,1998,6755
1998-11-01,1998,6159
1998-12-01,1998,6509
1998-01-01,1998,6504
1998-02-01,1998,6121
1998-03-01,1998,6947
1998-04-01,1998,6835
1998-05-01,1998,7273
1998-06-01,1998,6929
1998-07-01,1998,7315
1998-08-01,1998,7052
1998-09-01,1998,7012
1998-10-01,1998,6755
1998-11-01,1998,6159
1998-12-01,1998,6509
1998-01-01,1998,6504
1998-02-01,1998,6121
1998-03-01,1998,6947
1998-04-01,1998,6835
1998-05-01,1998,7273
1998-06-01,1998,6929
1998-07-01,1998,7315
1998-08-01,1998,7052
1998-09-01,1998,7012
1998-10-01,1998,6755
1998-11-01,1998,6159
1998-12-01,1998,6509
1998-01-01,1998,6504
1998-02-01,1998,6121
1998-03-01,1998,6947
1998-04-01,1998,6835
1998-05-01,1998,7273
1998-06-01,1998,6929
1998-07-01,1998,7315
1998-08-01,1998,7052
1998-09-01,1998,7012
1998-10-01,1998,6755
1998-11-01,1998,6159
1998-12-01,1998,6509
1998-01-01,1998,6504
1998-02-01,1998,6121
1998-03-01,1998,6947
1998-04-01,1998,6835
1998-05-01,1998,7273
1998-06-01,1998,6929
1998-07-01,1998,7315
1998-08-01,1998,7052
1998-09-01,1998,7012
1998-10-01,1998,6755
1998-11-01,1998,6159
1998-12-01,1998,6509
1998-01-01,1998,6504
1998-02-01,1998,6121
1998-03-01,1998,6947
1998-04-01,1998,6835
1998-05-01,1998,7273
1998-06-01,1998,6929
1998-07-01,1998,7315
1998-08-01,1998,7052
1998-09-01,1998,7012
1998-10-01,1998,6755
1998-11-01,1998,6159
1998-12-01,1998,6509
1999-01-01,1999,6353
1999-02-01,1999,6003
1999-03-01,1999,6750
1999-04-01,1999,6663
1999-05-01,1999,7179
1999-06-01,1999,7047
1999-07-01,1999,7283
1999-08-01,1999,7181
1999-09-01,1999,6966
1999-10-01,1999,6633
1999-11-01,1999,6273
1999-12-01,1999,6608
1999-01-01,1999,6353
1999-02-01,1999,6003
1999-03-01,1999,6750
1999-04-01,1999,6663
1999-05-01,1999,7179
1999-06-01,1999,7047
1999-07-01,1999,7283
1999-08-01,1999,7181
1999-09-01,1999,6966
1999-10-01,1999,6633
1999-11-01,1999,6273
1999-12-01,1999,6608
1999-01-01,1999,6353
1999-02-01,1999,6003
1999-03-01,1999,6750
1999-04-01,1999,6663
1999-05-01,1999,7179
1999-06-01,1999,7047
1999-07-01,1999,7283
1999-08-01,1999,7181
1999-09-01,1999,6966
1999-10-01,1999,6633
1999-11-01,1999,6273
1999-12-01,1999,6608
1999-01-01,1999,6353
1999-02-01,1999,6003
1999-03-01,1999,6750
1999-04-01,1999,6663
1999-05-01,1999,7179
1999-06-01,1999,7047
1999-07-01,1999,7283
1999-08-01,1999,7181
1999-09-01,1999,6966
1999-10-01,1999,6633
1999-11-01,1999,6273
1999-12-01,1999,6608
1999-01-01,1999,6353
1999-02-01,1999,6003
1999-03-01,1999,6750
1999-04-01,1999,6663
1999-05-01,1999,7179
1999-06-01,1999,7047
1999-07-01,1999,7283
1999-08-01,1999,7181
1999-09-01,1999,6966
1999-10-01,1999,6633
1999-11-01,1999,6273
1999-12-01,1999,6608
1999-01-01,1999,6353
1999-02-01,1999,6003
1999-03-01,1999,6750
1999-04-01,1999,6663
1999-05-01,1999,7179
1999-06-01,1999,7047
1999-07-01,1999,7283
1999-08-01,1999,7181
1999-09-01,1999,6966
1999-10-01,1999,6633
1999-11-01,1999,6273
1999-12-01,1999,6608
1999-01-01,1999,6353
1999-02-01,1999,6003
1999-03-01,1999,6750
1999-04-01,1999,6663
1999-05-01,1999,7179
1999-06-01,1999,7047
1999-07-01,1999,7283
1999-08-01,1999,7181
1999-09-01,1999,6966
1999-10-01,1999,6633
1999-11-01,1999,6273
1999-12-01,1999,6608
1999-01-01,1999,6353
1999-02-01,1999,6003
1999-03-01,1999,6750
1999-04-01,1999,6663
1999-05-01,1999,7179
1999-06-01,1999,7047
1999-07-01,1999,7283
1999-08-01,1999,7181
1999-09-01,1999,6966
1999-10-01,1999,6633
1999-11-01,1999,6273
1999-12-01,1999,6608
1999-01-01,1999,6353
1999-02-01,1999,6003
1999-03-01,1999,6750
1999-04-01,1999,6663
1999-05-01,1999,7179
1999-06-01,1999,7047
1999-07-01,1999,7283
1999-08-01,1999,7181
1999-09-01,1999,6966
1999-10-01,1999,6633
1999-11-01,1999,6273
1999-12-01,1999,6608
1999-01-01,1999,6353
1999-02-01,1999,6003
1999-03-01,1999,6750
1999-04-01,1999,6663
1999-05-01,1999,7179
1999-06-01,1999,7047
1999-07-01,1999,7283
1999-08-01,1999,7181
1999-09-01,1999,6966
1999-10-01,1999,6633
1999-11-01,1999,6273
1999-12-01,1999,6608
1999-01-01,1999,6353
1999-02-01,1999,6003
1999-03-01,1999,6750
1999-04-01,1999,6663
1999-05-01,1999,7179
1999-06-01,1999,7047
1999-07-01,1999,7283
1999-08-01,1999,7181
1999-09-01,1999,6966
1999-10-01,1999,6633
1999-11-01,1999,6273
1999-12-01,1999,6608
1999-01-01,1999,6353
1999-02-01,1999,6003
1999-03-01,1999,6750
1999-04-01,1999,6663
1999-05-01,1999,7179
1999-06-01,1999,7047
1999-07-01,1999,7283
1999-08-01,1999,7181
1999-09-01,1999,6966
1999-10-01,1999,6633
1999-11-01,1999,6273
1999-12-01,1999,6608
2000-01-01,2000,6576
2000-02-01,2000,6301
2000-03-01,2000,6843
2000-04-01,2000,6690
2000-05-01,2000,7205
2000-06-01,2000,7042
2000-07-01,2000,7069
2000-08-01,2000,7169
2000-09-01,2000,6779
2000-10-01,2000,6856
2000-11-01,2000,6467
2000-12-01,2000,6617
2000-01-01,2000,6576
2000-02-01,2000,6301
2000-03-01,2000,6843
2000-04-01,2000,6690
2000-05-01,2000,7205
2000-06-01,2000,7042
2000-07-01,2000,7069
2000-08-01,2000,7169
2000-09-01,2000,6779
2000-10-01,2000,6856
2000-11-01,2000,6467
2000-12-01,2000,6617
2000-01-01,2000,6576
2000-02-01,2000,6301
2000-03-01,2000,6843
2000-04-01,2000,6690
2000-05-01,2000,7205
2000-06-01,2000,7042
2000-07-01,2000,7069
2000-08-01,2000,7169
2000-09-01,2000,6779
2000-10-01,2000,6856
2000-11-01,2000,6467
2000-12-01,2000,6617
2000-01-01,2000,6576
2000-02-01,2000,6301
2000-03-01,2000,6843
2000-04-01,2000,6690
2000-05-01,2000,7205
2000-06-01,2000,7042
2000-07-01,2000,7069
2000-08-01,2000,7169
2000-09-01,2000,6779
2000-10-01,2000,6856
2000-11-01,2000,6467
2000-12-01,2000,6617
2000-01-01,2000,6576
2000-02-01,2000,6301
2000-03-01,2000,6843
2000-04-01,2000,6690
2000-05-01,2000,7205
2000-06-01,2000,7042
2000-07-01,2000,7069
2000-08-01,2000,7169
2000-09-01,2000,6779
2000-10-01,2000,6856
2000-11-01,2000,6467
2000-12-01,2000,6617
2000-01-01,2000,6576
2000-02-01,2000,6301
2000-03-01,2000,6843
2000-04-01,2000,6690
2000-05-01,2000,7205
2000-06-01,2000,7042
2000-07-01,2000,7069
2000-08-01,2000,7169
2000-09-01,2000,6779
2000-10-01,2000,6856
2000-11-01,2000,6467
2000-12-01,2000,6617
2000-01-01,2000,6576
2000-02-01,2000,6301
2000-03-01,2000,6843
2000-04-01,2000,6690
2000-05-01,2000,7205
2000-06-01,2000,7042
2000-07-01,2000,7069
2000-08-01,2000,7169
2000-09-01,2000,6779
2000-10-01,2000,6856
2000-11-01,2000,6467
2000-12-01,2000,6617
2000-01-01,2000,6576
2000-02-01,2000,6301
2000-03-01,2000,6843
2000-04-01,2000,6690
2000-05-01,2000,7205
2000-06-01,2000,7042
2000-07-01,2000,7069
2000-08-01,2000,7169
2000-09-01,2000,6779
2000-10-01,2000,6856
2000-11-01,2000,6467
2000-12-01,2000,6617
2000-01-01,2000,6576
2000-02-01,2000,6301
2000-03-01,2000,6843
2000-04-01,2000,6690
2000-05-01,2000,7205
2000-06-01,2000,7042
2000-07-01,2000,7069
2000-08-01,2000,7169
2000-09-01,2000,6779
2000-10-01,2000,6856
2000-11-01,2000,6467
2000-12-01,2000,6617
2000-01-01,2000,6576
2000-02-01,2000,6301
2000-03-01,2000,6843
2000-04-01,2000,6690
2000-05-01,2000,7205
2000-06-01,2000,7042
2000-07-01,2000,7069
2000-08-01,2000,7169
2000-09-01,2000,6779
2000-10-01,2000,6856
2000-11-01,2000,6467
2000-12-01,2000,6617
2000-01-01,2000,6576
2000-02-01,2000,6301
2000-03-01,2000,6843
2000-04-01,2000,6690
2000-05-01,2000,7205
2000-06-01,2000,7042
2000-07-01,2000,7069
2000-08-01,2000,7169
2000-09-01,2000,6779
2000-10-01,2000,6856
2000-11-01,2000,6467
2000-12-01,2000,6617
2000-01-01,2000,6576
2000-02-01,2000,6301
2000-03-01,2000,6843
2000-04-01,2000,6690
2000-05-01,2000,7205
2000-06-01,2000,7042
2000-07-01,2000,7069
2000-08-01,2000,7169
2000-09-01,2000,6779
2000-10-01,2000,6856
2000-11-01,2000,6467
2000-12-01,2000,6617
2001-01-01,2001,6511
2001-02-01,2001,6071
2001-03-01,2001,6909
2001-04-01,2001,6638
2001-05-01,2001,7279
2001-06-01,2001,7074
2001-07-01,2001,7140
2001-08-01,2001,7311
2001-09-01,2001,6796
2001-10-01,2001,6785
2001-11-01,2001,6395
2001-12-01,2001,6168
2001-01-01,2001,6511
2001-02-01,2001,6071
2001-03-01,2001,6909
2001-04-01,2001,6638
2001-05-01,2001,7279
2001-06-01,2001,7074
2001-07-01,2001,7140
2001-08-01,2001,7311
2001-09-01,2001,6796
2001-10-01,2001,6785
2001-11-01,2001,6395
2001-12-01,2001,6168
2001-01-01,2001,6511
2001-02-01,2001,6071
2001-03-01,2001,6909
2001-04-01,2001,6638
2001-05-01,2001,7279
2001-06-01,2001,7074
2001-07-01,2001,7140
2001-08-01,2001,7311
2001-09-01,2001,6796
2001-10-01,2001,6785
2001-11-01,2001,6395
2001-12-01,2001,6168
2001-01-01,2001,6511
2001-02-01,2001,6071
2001-03-01,2001,6909
2001-04-01,2001,6638
2001-05-01,2001,7279
2001-06-01,2001,7074
2001-07-01,2001,7140
2001-08-01,2001,7311
2001-09-01,2001,6796
2001-10-01,2001,6785
2001-11-01,2001,6395
2001-12-01,2001,6168
2001-01-01,2001,6511
2001-02-01,2001,6071
2001-03-01,2001,6909
2001-04-01,2001,6638
2001-05-01,2001,7279
2001-06-01,2001,7074
2001-07-01,2001,7140
2001-08-01,2001,7311
2001-09-01,2001,6796
2001-10-01,2001,6785
2001-11-01,2001,6395
2001-12-01,2001,6168
2001-01-01,2001,6511
2001-02-01,2001,6071
2001-03-01,2001,6909
2001-04-01,2001,6638
2001-05-01,2001,7279
2001-06-01,2001,7074
2001-07-01,2001,7140
2001-08-01,2001,7311
2001-09-01,2001,6796
2001-10-01,2001,6785
2001-11-01,2001,6395
2001-12-01,2001,6168
2001-01-01,2001,6511
2001-02-01,2001,6071
2001-03-01,2001,6909
2001-04-01,2001,6638
2001-05-01,2001,7279
2001-06-01,2001,7074
2001-07-01,2001,7140
2001-08-01,2001,7311
2001-09-01,2001,6796
2001-10-01,2001,6785
2001-11-01,2001,6395
2001-12-01,2001,6168
2001-01-01,2001,6511
2001-02-01,2001,6071
2001-03-01,2001,6909
2001-04-01,2001,6638
2001-05-01,2001,7279
2001-06-01,2001,7074
2001-07-01,2001,7140
2001-08-01,2001,7311
2001-09-01,2001,6796
2001-10-01,2001,6785
2001-11-01,2001,6395
2001-12-01,2001,6168
2001-01-01,2001,6511
2001-02-01,2001,6071
2001-03-01,2001,6909
2001-04-01,2001,6638
2001-05-01,2001,7279
2001-06-01,2001,7074
2001-07-01,2001,7140
2001-08-01,2001,7311
2001-09-01,2001,6796
2001-10-01,2001,6785
2001-11-01,2001,6395
2001-12-01,2001,6168
2001-01-01,2001,6511
2001-02-01,2001,6071
2001-03-01,2001,6909
2001-04-01,2001,6638
2001-05-01,2001,7279
2001-06-01,2001,7074
2001-07-01,2001,7140
2001-08-01,2001,7311
2001-09-01,2001,6796
2001-10-01,2001,6785
2001-11-01,2001,6395
2001-12-01,2001,6168
2001-01-01,2001,6511
2001-02-01,2001,6071
2001-03-01,2001,6909
2001-04-01,2001,6638
2001-05-01,2001,7279
2001-06-01,2001,7074
2001-07-01,2001,7140
2001-08-01,2001,7311
2001-09-01,2001,6796
2001-10-01,2001,6785
2001-11-01,2001,6395
2001-12-01,2001,6168
2001-01-01,2001,6511
2001-02-01,2001,6071
2001-03-01,2001,6909
2001-04-01,2001,6638
2001-05-01,2001,7279
2001-06-01,2001,7074
2001-07-01,2001,7140
2001-08-01,2001,7311
2001-09-01,2001,6796
2001-10-01,2001,6785
2001-11-01,2001,6395
2001-12-01,2001,6168
2002-01-01,2002,6394
2002-02-01,2002,6028
2002-03-01,2002,6737
2002-04-01,2002,6731
2002-05-01,2002,7161
2002-06-01,2002,6955
2002-07-01,2002,7230
2002-08-01,2002,7254
2002-09-01,2002,6988
2002-10-01,2002,6774
2002-11-01,2002,6052
2002-12-01,2002,6341
2002-01-01,2002,6394
2002-02-01,2002,6028
2002-03-01,2002,6737
2002-04-01,2002,6731
2002-05-01,2002,7161
2002-06-01,2002,6955
2002-07-01,2002,7230
2002-08-01,2002,7254
2002-09-01,2002,6988
2002-10-01,2002,6774
2002-11-01,2002,6052
2002-12-01,2002,6341
2002-01-01,2002,6394
2002-02-01,2002,6028
2002-03-01,2002,6737
2002-04-01,2002,6731
2002-05-01,2002,7161
2002-06-01,2002,6955
2002-07-01,2002,7230
2002-08-01,2002,7254
2002-09-01,2002,6988
2002-10-01,2002,6774
2002-11-01,2002,6052
2002-12-01,2002,6341
2002-01-01,2002,6394
2002-02-01,2002,6028
2002-03-01,2002,6737
2002-04-01,2002,6731
2002-05-01,2002,7161
2002-06-01,2002,6955
2002-07-01,2002,7230
2002-08-01,2002,7254
2002-09-01,2002,6988
2002-10-01,2002,6774
2002-11-01,2002,6052
2002-12-01,2002,6341
2002-01-01,2002,6394
2002-02-01,2002,6028
2002-03-01,2002,6737
2002-04-01,2002,6731
2002-05-01,2002,7161
2002-06-01,2002,6955
2002-07-01,2002,7230
2002-08-01,2002,7254
2002-09-01,2002,6988
2002-10-01,2002,6774
2002-11-01,2002,6052
2002-12-01,2002,6341
2002-01-01,2002,6394
2002-02-01,2002,6028
2002-03-01,2002,6737
2002-04-01,2002,6731
2002-05-01,2002,7161
2002-06-01,2002,6955
2002-07-01,2002,7230
2002-08-01,2002,7254
2002-09-01,2002,6988
2002-10-01,2002,6774
2002-11-01,2002,6052
2002-12-01,2002,6341
2002-01-01,2002,6394
2002-02-01,2002,6028
2002-03-01,2002,6737
2002-04-01,2002,6731
2002-05-01,2002,7161
2002-06-01,2002,6955
2002-07-01,2002,7230
2002-08-01,2002,7254
2002-09-01,2002,6988
2002-10-01,2002,6774
2002-11-01,2002,6052
2002-12-01,2002,6341
2002-01-01,2002,6394
2002-02-01,2002,6028
2002-03-01,2002,6737
2002-04-01,2002,6731
2002-05-01,2002,7161
2002-06-01,2002,6955
2002-07-01,2002,7230
2002-08-01,2002,7254
2002-09-01,2002,6988
2002-10-01,2002,6774
2002-11-01,2002,6052
2002-12-01,2002,6341
2002-01-01,2002,6394
2002-02-01,2002,6028
2002-03-01,2002,6737
2002-04-01,2002,6731
2002-05-01,2002,7161
2002-06-01,2002,6955
2002-07-01,2002,7230
2002-08-01,2002,7254
2002-09-01,2002,6988
2002-10-01,2002,6774
2002-11-01,2002,6052
2002-12-01,2002,6341
2002-01-01,2002,6394
2002-02-01,2002,6028
2002-03-01,2002,6737
2002-04-01,2002,6731
2002-05-01,2002,7161
2002-06-01,2002,6955
2002-07-01,2002,7230
2002-08-01,2002,7254
2002-09-01,2002,6988
2002-10-01,2002,6774
2002-11-01,2002,6052
2002-12-01,2002,6341
2002-01-01,2002,6394
2002-02-01,2002,6028
2002-03-01,2002,6737
2002-04-01,2002,6731
2002-05-01,2002,7161
2002-06-01,2002,6955
2002-07-01,2002,7230
2002-08-01,2002,7254
2002-09-01,2002,6988
2002-10-01,2002,6774
2002-11-01,2002,6052
2002-12-01,2002,6341
2002-01-01,2002,6394
2002-02-01,2002,6028
2002-03-01,2002,6737
2002-04-01,2002,6731
2002-05-01,2002,7161
2002-06-01,2002,6955
2002-07-01,2002,7230
2002-08-01,2002,7254
2002-09-01,2002,6988
2002-10-01,2002,6774
2002-11-01,2002,6052
2002-12-01,2002,6341
2003-01-01,2003,5407
2003-01-01,2003,5407
2003-01-01,2003,5407
2003-01-01,2003,5407
2003-01-01,2003,5407
2003-01-01,2003,5407
2003-01-01,2003,5407
2003-01-01,2003,5407
2003-01-01,2003,5407
2003-01-01,2003,5407
2003-01-01,2003,5407
2003-01-01,2003,5407
2003-02-01,2003,4850
2003-02-01,2003,4850
2003-02-01,2003,4850
2003-02-01,2003,4850
2003-02-01,2003,4850
2003-02-01,2003,4850
2003-02-01,2003,4850
2003-02-01,2003,4850
2003-02-01,2003,4850
2003-02-01,2003,4850
2003-02-01,2003,4850
2003-02-01,2003,4850
2003-03-01,2003,4975
2003-03-01,2003,4975
2003-03-01,2003,4975
2003-03-01,2003,4975
2003-03-01,2003,4975
2003-03-01,2003,4975
2003-03-01,2003,4975
2003-03-01,2003,4975
2003-03-01,2003,4975
2003-03-01,2003,4975
2003-03-01,2003,4975
2003-03-01,2003,4975
2003-04-01,2003,5099
2003-04-01,2003,5099
2003-04-01,2003,5099
2003-04-01,2003,5099
2003-04-01,2003,5099
2003-04-01,2003,5099
2003-04-01,2003,5099
2003-04-01,2003,5099
2003-04-01,2003,5099
2003-04-01,2003,5099
2003-04-01,2003,5099
2003-04-01,2003,5099
2003-05-01,2003,5236
2003-05-01,2003,5236
2003-05-01,2003,5236
2003-05-01,2003,5236
2003-05-01,2003,5236
2003-05-01,2003,5236
2003-05-01,2003,5236
2003-05-01,2003,5236
2003-05-01,2003,5236
2003-05-01,2003,5236
2003-05-01,2003,5236
2003-05-01,2003,5236
2003-06-01,2003,5072
2003-06-01,2003,5072
2003-06-01,2003,5072
2003-06-01,2003,5072
2003-06-01,2003,5072
2003-06-01,2003,5072
2003-06-01,2003,5072
2003-06-01,2003,5072
2003-06-01,2003,5072
2003-06-01,2003,5072
2003-06-01,2003,5072
2003-06-01,2003,5072
2003-07-01,2003,5747
2003-07-01,2003,5747
2003-07-01,2003,5747
2003-07-01,2003,5747
2003-07-01,2003,5747
2003-07-01,2003,5747
2003-07-01,2003,5747
2003-07-01,2003,5747
2003-07-01,2003,5747
2003-07-01,2003,5747
2003-07-01,2003,5747
2003-07-01,2003,5747
2003-08-01,2003,5852
2003-08-01,2003,5852
2003-08-01,2003,5852
2003-08-01,2003,5852
2003-08-01,2003,5852
2003-08-01,2003,5852
2003-08-01,2003,5852
2003-08-01,2003,5852
2003-08-01,2003,5852
2003-08-01,2003,5852
2003-08-01,2003,5852
2003-08-01,2003,5852
2003-09-01,2003,5931
2003-09-01,2003,5931
2003-09-01,2003,5931
2003-09-01,2003,5931
2003-09-01,2003,5931
2003-09-01,2003,5931
2003-09-01,2003,5931
2003-09-01,2003,5931
2003-09-01,2003,5931
2003-09-01,2003,5931
2003-09-01,2003,5931
2003-09-01,2003,5931
2003-10-01,2003,5729
2003-10-01,2003,5729
2003-10-01,2003,5729
2003-10-01,2003,5729
2003-10-01,2003,5729
2003-10-01,2003,5729
2003-10-01,2003,5729
2003-10-01,2003,5729
2003-10-01,2003,5729
2003-10-01,2003,5729
2003-10-01,2003,5729
2003-10-01,2003,5729
2003-11-01,2003,5295
2003-11-01,2003,5295
2003-11-01,2003,5295
2003-11-01,2003,5295
2003-11-01,2003,5295
2003-11-01,2003,5295
2003-11-01,2003,5295
2003-11-01,2003,5295
2003-11-01,2003,5295
2003-11-01,2003,5295
2003-11-01,2003,5295
2003-11-01,2003,5295
2003-12-01,2003,5847
2003-12-01,2003,5847
2003-12-01,2003,5847
2003-12-01,2003,5847
2003-12-01,2003,5847
2003-12-01,2003,5847
2003-12-01,2003,5847
2003-12-01,2003,5847
2003-12-01,2003,5847
2003-12-01,2003,5847
2003-12-01,2003,5847
2003-12-01,2003,5847
2004-01-01,2004,5477
2004-01-01,2004,5477
2004-01-01,2004,5477
2004-01-01,2004,5477
2004-01-01,2004,5477
2004-01-01,2004,5477
2004-01-01,2004,5477
2004-01-01,2004,5477
2004-01-01,2004,5477
2004-01-01,2004,5477
2004-01-01,2004,5477
2004-01-01,2004,5477
2004-02-01,2004,4831
2004-02-01,2004,4831
2004-02-01,2004,4831
2004-02-01,2004,4831
2004-02-01,2004,4831
2004-02-01,2004,4831
2004-02-01,2004,4831
2004-02-01,2004,4831
2004-02-01,2004,4831
2004-02-01,2004,4831
2004-02-01,2004,4831
2004-02-01,2004,4831
2004-03-01,2004,5381
2004-03-01,2004,5381
2004-03-01,2004,5381
2004-03-01,2004,5381
2004-03-01,2004,5381
2004-03-01,2004,5381
2004-03-01,2004,5381
2004-03-01,2004,5381
2004-03-01,2004,5381
2004-03-01,2004,5381
2004-03-01,2004,5381
2004-03-01,2004,5381
2004-04-01,2004,5150
2004-04-01,2004,5150
2004-04-01,2004,5150
2004-04-01,2004,5150
2004-04-01,2004,5150
2004-04-01,2004,5150
2004-04-01,2004,5150
2004-04-01,2004,5150
2004-04-01,2004,5150
2004-04-01,2004,5150
2004-04-01,2004,5150
2004-04-01,2004,5150
2004-05-01,2004,4913
2004-05-01,2004,4913
2004-05-01,2004,4913
2004-05-01,2004,4913
2004-05-01,2004,4913
2004-05-01,2004,4913
2004-05-01,2004,4913
2004-05-01,2004,4913
2004-05-01,2004,4913
2004-05-01,2004,4913
2004-05-01,2004,4913
2004-05-01,2004,4913
2004-06-01,2004,5452
2004-06-01,2004,5452
2004-06-01,2004,5452
2004-06-01,2004,5452
2004-06-01,2004,5452
2004-06-01,2004,5452
2004-06-01,2004,5452
2004-06-01,2004,5452
2004-06-01,2004,5452
2004-06-01,2004,5452
2004-06-01,2004,5452
2004-06-01,2004,5452
2004-07-01,2004,5631
2004-07-01,2004,5631
2004-07-01,2004,5631
2004-07-01,2004,5631
2004-07-01,2004,5631
2004-07-01,2004,5631
2004-07-01,2004,5631
2004-07-01,2004,5631
2004-07-01,2004,5631
2004-07-01,2004,5631
2004-07-01,2004,5631
2004-07-01,2004,5631
2004-08-01,2004,5653
2004-08-01,2004,5653
2004-08-01,2004,5653
2004-08-01,2004,5653
2004-08-01,2004,5653
2004-08-01,2004,5653
2004-08-01,2004,5653
2004-08-01,2004,5653
2004-08-01,2004,5653
2004-08-01,2004,5653
2004-08-01,2004,5653
2004-08-01,2004,5653
2004-09-01,2004,5898
2004-09-01,2004,5898
2004-09-01,2004,5898
2004-09-01,2004,5898
2004-09-01,2004,5898
2004-09-01,2004,5898
2004-09-01,2004,5898
2004-09-01,2004,5898
2004-09-01,2004,5898
2004-09-01,2004,5898
2004-09-01,2004,5898
2004-09-01,2004,5898
2004-10-01,2004,5701
2004-10-01,2004,5701
2004-10-01,2004,5701
2004-10-01,2004,5701
2004-10-01,2004,5701
2004-10-01,2004,5701
2004-10-01,2004,5701
2004-10-01,2004,5701
2004-10-01,2004,5701
2004-10-01,2004,5701
2004-10-01,2004,5701
2004-10-01,2004,5701
2004-11-01,2004,5536
2004-11-01,2004,5536
2004-11-01,2004,5536
2004-11-01,2004,5536
2004-11-01,2004,5536
2004-11-01,2004,5536
2004-11-01,2004,5536
2004-11-01,2004,5536
2004-11-01,2004,5536
2004-11-01,2004,5536
2004-11-01,2004,5536
2004-11-01,2004,5536
2004-12-01,2004,5746
2004-12-01,2004,5746
2004-12-01,2004,5746
2004-12-01,2004,5746
2004-12-01,2004,5746
2004-12-01,2004,5746
2004-12-01,2004,5746
2004-12-01,2004,5746
2004-12-01,2004,5746
2004-12-01,2004,5746
2004-12-01,2004,5746
2004-12-01,2004,5746
2005-01-01,2005,5361
2005-01-01,2005,5361
2005-01-01,2005,5361
2005-01-01,2005,5361
2005-01-01,2005,5361
2005-01-01,2005,5361
2005-01-01,2005,5361
2005-01-01,2005,5361
2005-01-01,2005,5361
2005-01-01,2005,5361
2005-01-01,2005,5361
2005-01-01,2005,5361
2005-02-01,2005,4866
2005-02-01,2005,4866
2005-02-01,2005,4866
2005-02-01,2005,4866
2005-02-01,2005,4866
2005-02-01,2005,4866
2005-02-01,2005,4866
2005-02-01,2005,4866
2005-02-01,2005,4866
2005-02-01,2005,4866
2005-02-01,2005,4866
2005-02-01,2005,4866
2005-03-01,2005,5385
2005-03-01,2005,5385
2005-03-01,2005,5385
2005-03-01,2005,5385
2005-03-01,2005,5385
2005-03-01,2005,5385
2005-03-01,2005,5385
2005-03-01,2005,5385
2005-03-01,2005,5385
2005-03-01,2005,5385
2005-03-01,2005,5385
2005-03-01,2005,5385
2005-04-01,2005,4892
2005-04-01,2005,4892
2005-04-01,2005,4892
2005-04-01,2005,4892
2005-04-01,2005,4892
2005-04-01,2005,4892
2005-04-01,2005,4892
2005-04-01,2005,4892
2005-04-01,2005,4892
2005-04-01,2005,4892
2005-04-01,2005,4892
2005-04-01,2005,4892
2005-05-01,2005,5200
2005-05-01,2005,5200
2005-05-01,2005,5200
2005-05-01,2005,5200
2005-05-01,2005,5200
2005-05-01,2005,5200
2005-05-01,2005,5200
2005-05-01,2005,5200
2005-05-01,2005,5200
2005-05-01,2005,5200
2005-05-01,2005,5200
2005-05-01,2005,5200
2005-06-01,2005,5399
2005-06-01,2005,5399
2005-06-01,2005,5399
2005-06-01,2005,5399
2005-06-01,2005,5399
2005-06-01,2005,5399
2005-06-01,2005,5399
2005-06-01,2005,5399
2005-06-01,2005,5399
2005-06-01,2005,5399
2005-06-01,2005,5399
2005-06-01,2005,5399
2005-07-01,2005,5109
2005-07-01,2005,5109
2005-07-01,2005,5109
2005-07-01,2005,5109
2005-07-01,2005,5109
2005-07-01,2005,5109
2005-07-01,2005,5109
2005-07-01,2005,5109
2005-07-01,2005,5109
2005-07-01,2005,5109
2005-07-01,2005,5109
2005-07-01,2005,5109
2005-08-01,2005,5242
2005-08-01,2005,5242
2005-08-01,2005,5242
2005-08-01,2005,5242
2005-08-01,2005,5242
2005-08-01,2005,5242
2005-08-01,2005,5242
2005-08-01,2005,5242
2005-08-01,2005,5242
2005-08-01,2005,5242
2005-08-01,2005,5242
2005-08-01,2005,5242
2005-09-01,2005,5186
2005-09-01,2005,5186
2005-09-01,2005,5186
2005-09-01,2005,5186
2005-09-01,2005,5186
2005-09-01,2005,5186
2005-09-01,2005,5186
2005-09-01,2005,5186
2005-09-01,2005,5186
2005-09-01,2005,5186
2005-09-01,2005,5186
2005-09-01,2005,5186
2005-10-01,2005,4766
2005-10-01,2005,4766
2005-10-01,2005,4766
2005-10-01,2005,4766
2005-10-01,2005,4766
2005-10-01,2005,4766
2005-10-01,2005,4766
2005-10-01,2005,4766
2005-10-01,2005,4766
2005-10-01,2005,4766
2005-10-01,2005,4766
2005-10-01,2005,4766
2005-11-01,2005,4680
2005-11-01,2005,4680
2005-11-01,2005,4680
2005-11-01,2005,4680
2005-11-01,2005,4680
2005-11-01,2005,4680
2005-11-01,2005,4680
2005-11-01,2005,4680
2005-11-01,2005,4680
2005-11-01,2005,4680
2005-11-01,2005,4680
2005-11-01,2005,4680
2005-12-01,2005,4851
2005-12-01,2005,4851
2005-12-01,2005,4851
2005-12-01,2005,4851
2005-12-01,2005,4851
2005-12-01,2005,4851
2005-12-01,2005,4851
2005-12-01,2005,4851
2005-12-01,2005,4851
2005-12-01,2005,4851
2005-12-01,2005,4851
2005-12-01,2005,4851
2006-01-01,2006,4936
2006-01-01,2006,4936
2006-01-01,2006,4936
2006-01-01,2006,4936
2006-01-01,2006,4936
2006-01-01,2006,4936
2006-01-01,2006,4936
2006-01-01,2006,4936
2006-01-01,2006,4936
2006-01-01,2006,4936
2006-01-01,2006,4936
2006-01-01,2006,4936
2006-02-01,2006,4442
2006-02-01,2006,4442
2006-02-01,2006,4442
2006-02-01,2006,4442
2006-02-01,2006,4442
2006-02-01,2006,4442
2006-02-01,2006,4442
2006-02-01,2006,4442
2006-02-01,2006,4442
2006-02-01,2006,4442
2006-02-01,2006,4442
2006-02-01,2006,4442
2006-03-01,2006,5039
2006-03-01,2006,5039
2006-03-01,2006,5039
2006-03-01,2006,5039
2006-03-01,2006,5039
2006-03-01,2006,5039
2006-03-01,2006,5039
2006-03-01,2006,5039
2006-03-01,2006,5039
2006-03-01,2006,5039
2006-03-01,2006,5039
2006-03-01,2006,5039
2006-04-01,2006,4456
2006-04-01,2006,4456
2006-04-01,2006,4456
2006-04-01,2006,4456
2006-04-01,2006,4456
2006-04-01,2006,4456
2006-04-01,2006,4456
2006-04-01,2006,4456
2006-04-01,2006,4456
2006-04-01,2006,4456
2006-04-01,2006,4456
2006-04-01,2006,4456
2006-05-01,2006,4821
2006-05-01,2006,4821
2006-05-01,2006,4821
2006-05-01,2006,4821
2006-05-01,2006,4821
2006-05-01,2006,4821
2006-05-01,2006,4821
2006-05-01,2006,4821
2006-05-01,2006,4821
2006-05-01,2006,4821
2006-05-01,2006,4821
2006-05-01,2006,4821
2006-06-01,2006,5128
2006-06-01,2006,5128
2006-06-01,2006,5128
2006-06-01,2006,5128
2006-06-01,2006,5128
2006-06-01,2006,5128
2006-06-01,2006,5128
2006-06-01,2006,5128
2006-06-01,2006,5128
2006-06-01,2006,5128
2006-06-01,2006,5128
2006-06-01,2006,5128
2006-07-01,2006,5496
2006-07-01,2006,5496
2006-07-01,2006,5496
2006-07-01,2006,5496
2006-07-01,2006,5496
2006-07-01,2006,5496
2006-07-01,2006,5496
2006-07-01,2006,5496
2006-07-01,2006,5496
2006-07-01,2006,5496
2006-07-01,2006,5496
2006-07-01,2006,5496
2006-08-01,2006,6125
2006-08-01,2006,6125
2006-08-01,2006,6125
2006-08-01,2006,6125
2006-08-01,2006,6125
2006-08-01,2006,6125
2006-08-01,2006,6125
2006-08-01,2006,6125
2006-08-01,2006,6125
2006-08-01,2006,6125
2006-08-01,2006,6125
2006-08-01,2006,6125
2006-09-01,2006,5878
2006-09-01,2006,5878
2006-09-01,2006,5878
2006-09-01,2006,5878
2006-09-01,2006,5878
2006-09-01,2006,5878
2006-09-01,2006,5878
2006-09-01,2006,5878
2006-09-01,2006,5878
2006-09-01,2006,5878
2006-09-01,2006,5878
2006-09-01,2006,5878
2006-10-01,2006,5769
2006-10-01,2006,5769
2006-10-01,2006,5769
2006-10-01,2006,5769
2006-10-01,2006,5769
2006-10-01,2006,5769
2006-10-01,2006,5769
2006-10-01,2006,5769
2006-10-01,2006,5769
2006-10-01,2006,5769
2006-10-01,2006,5769
2006-10-01,2006,5769
2006-11-01,2006,5664
2006-11-01,2006,5664
2006-11-01,2006,5664
2006-11-01,2006,5664
2006-11-01,2006,5664
2006-11-01,2006,5664
2006-11-01,2006,5664
2006-11-01,2006,5664
2006-11-01,2006,5664
2006-11-01,2006,5664
2006-11-01,2006,5664
2006-11-01,2006,5664
2006-12-01,2006,5622
2006-12-01,2006,5622
2006-12-01,2006,5622
2006-12-01,2006,5622
2006-12-01,2006,5622
2006-12-01,2006,5622
2006-12-01,2006,5622
2006-12-01,2006,5622
2006-12-01,2006,5622
2006-12-01,2006,5622
2006-12-01,2006,5622
2006-12-01,2006,5622
2007-01-01,2007,5632
2007-01-01,2007,5632
2007-01-01,2007,5632
2007-01-01,2007,5632
2007-01-01,2007,5632
2007-01-01,2007,5632
2007-01-01,2007,5632
2007-01-01,2007,5632
2007-01-01,2007,5632
2007-01-01,2007,5632
2007-01-01,2007,5632
2007-01-01,2007,5632
2007-02-01,2007,5008
2007-02-01,2007,5008
2007-02-01,2007,5008
2007-02-01,2007,5008
2007-02-01,2007,5008
2007-02-01,2007,5008
2007-02-01,2007,5008
2007-02-01,2007,5008
2007-02-01,2007,5008
2007-02-01,2007,5008
2007-02-01,2007,5008
2007-02-01,2007,5008
2007-03-01,2007,5399
2007-03-01,2007,5399
2007-03-01,2007,5399
2007-03-01,2007,5399
2007-03-01,2007,5399
2007-03-01,2007,5399
2007-03-01,2007,5399
2007-03-01,2007,5399
2007-03-01,2007,5399
2007-03-01,2007,5399
2007-03-01,2007,5399
2007-03-01,2007,5399
2007-04-01,2007,4957
2007-04-01,2007,4957
2007-04-01,2007,4957
2007-04-01,2007,4957
2007-04-01,2007,4957
2007-04-01,2007,4957
2007-04-01,2007,4957
2007-04-01,2007,4957
2007-04-01,2007,4957
2007-04-01,2007,4957
2007-04-01,2007,4957
2007-04-01,2007,4957
2007-05-01,2007,5228
2007-05-01,2007,5228
2007-05-01,2007,5228
2007-05-01,2007,5228
2007-05-01,2007,5228
2007-05-01,2007,5228
2007-05-01,2007,5228
2007-05-01,2007,5228
2007-05-01,2007,5228
2007-05-01,2007,5228
2007-05-01,2007,5228
2007-05-01,2007,5228
2007-06-01,2007,5301
2007-06-01,2007,5301
2007-06-01,2007,5301
2007-06-01,2007,5301
2007-06-01,2007,5301
2007-06-01,2007,5301
2007-06-01,2007,5301
2007-06-01,2007,5301
2007-06-01,2007,5301
2007-06-01,2007,5301
2007-06-01,2007,5301
2007-06-01,2007,5301
2007-07-01,2007,5707
2007-07-01,2007,5707
2007-07-01,2007,5707
2007-07-01,2007,5707
2007-07-01,2007,5707
2007-07-01,2007,5707
2007-07-01,2007,5707
2007-07-01,2007,5707
2007-07-01,2007,5707
2007-07-01,2007,5707
2007-07-01,2007,5707
2007-07-01,2007,5707
2007-08-01,2007,6147
2007-08-01,2007,6147
2007-08-01,2007,6147
2007-08-01,2007,6147
2007-08-01,2007,6147
2007-08-01,2007,6147
2007-08-01,2007,6147
2007-08-01,2007,6147
2007-08-01,2007,6147
2007-08-01,2007,6147
2007-08-01,2007,6147
2007-08-01,2007,6147
2007-09-01,2007,5725
2007-09-01,2007,5725
2007-09-01,2007,5725
2007-09-01,2007,5725
2007-09-01,2007,5725
2007-09-01,2007,5725
2007-09-01,2007,5725
2007-09-01,2007,5725
2007-09-01,2007,5725
2007-09-01,2007,5725
2007-09-01,2007,5725
2007-09-01,2007,5725
2007-10-01,2007,5812
2007-10-01,2007,5812
2007-10-01,2007,5812
2007-10-01,2007,5812
2007-10-01,2007,5812
2007-10-01,2007,5812
2007-10-01,2007,5812
2007-10-01,2007,5812
2007-10-01,2007,5812
2007-10-01,2007,5812
2007-10-01,2007,5812
2007-10-01,2007,5812
2007-11-01,2007,5703
2007-11-01,2007,5703
2007-11-01,2007,5703
2007-11-01,2007,5703
2007-11-01,2007,5703
2007-11-01,2007,5703
2007-11-01,2007,5703
2007-11-01,2007,5703
2007-11-01,2007,5703
2007-11-01,2007,5703
2007-11-01,2007,5703
2007-11-01,2007,5703
2007-12-01,2007,5682
2007-12-01,2007,5682
2007-12-01,2007,5682
2007-12-01,2007,5682
2007-12-01,2007,5682
2007-12-01,2007,5682
2007-12-01,2007,5682
2007-12-01,2007,5682
2007-12-01,2007,5682
2007-12-01,2007,5682
2007-12-01,2007,5682
2007-12-01,2007,5682
2008-01-01,2008,5810
2008-01-01,2008,5810
2008-01-01,2008,5810
2008-01-01,2008,5810
2008-01-01,2008,5810
2008-01-01,2008,5810
2008-01-01,2008,5810
2008-01-01,2008,5810
2008-01-01,2008,5810
2008-01-01,2008,5810
2008-01-01,2008,5810
2008-01-01,2008,5810
2008-02-01,2008,5077
2008-02-01,2008,5077
2008-02-01,2008,5077
2008-02-01,2008,5077
2008-02-01,2008,5077
2008-02-01,2008,5077
2008-02-01,2008,5077
2008-02-01,2008,5077
2008-02-01,2008,5077
2008-02-01,2008,5077
2008-02-01,2008,5077
2008-02-01,2008,5077
2008-03-01,2008,5269
2008-03-01,2008,5269
2008-03-01,2008,5269
2008-03-01,2008,5269
2008-03-01,2008,5269
2008-03-01,2008,5269
2008-03-01,2008,5269
2008-03-01,2008,5269
2008-03-01,2008,5269
2008-03-01,2008,5269
2008-03-01,2008,5269
2008-03-01,2008,5269
2008-04-01,2008,5115
2008-04-01,2008,5115
2008-04-01,2008,5115
2008-04-01,2008,5115
2008-04-01,2008,5115
2008-04-01,2008,5115
2008-04-01,2008,5115
2008-04-01,2008,5115
2008-04-01,2008,5115
2008-04-01,2008,5115
2008-04-01,2008,5115
2008-04-01,2008,5115
2008-05-01,2008,4993
2008-05-01,2008,4993
2008-05-01,2008,4993
2008-05-01,2008,4993
2008-05-01,2008,4993
2008-05-01,2008,4993
2008-05-01,2008,4993
2008-05-01,2008,4993
2008-05-01,2008,4993
2008-05-01,2008,4993
2008-05-01,2008,4993
2008-05-01,2008,4993
2008-06-01,2008,5051
2008-06-01,2008,5051
2008-06-01,2008,5051
2008-06-01,2008,5051
2008-06-01,2008,5051
2008-06-01,2008,5051
2008-06-01,2008,5051
2008-06-01,2008,5051
2008-06-01,2008,5051
2008-06-01,2008,5051
2008-06-01,2008,5051
2008-06-01,2008,5051
2008-07-01,2008,5863
2008-07-01,2008,5863
2008-07-01,2008,5863
2008-07-01,2008,5863
2008-07-01,2008,5863
2008-07-01,2008,5863
2008-07-01,2008,5863
2008-07-01,2008,5863
2008-07-01,2008,5863
2008-07-01,2008,5863
2008-07-01,2008,5863
2008-07-01,2008,5863
2008-08-01,2008,5683
2008-08-01,2008,5683
2008-08-01,2008,5683
2008-08-01,2008,5683
2008-08-01,2008,5683
2008-08-01,2008,5683
2008-08-01,2008,5683
2008-08-01,2008,5683
2008-08-01,2008,5683
2008-08-01,2008,5683
2008-08-01,2008,5683
2008-08-01,2008,5683
2008-09-01,2008,5828
2008-09-01,2008,5828
2008-09-01,2008,5828
2008-09-01,2008,5828
2008-09-01,2008,5828
2008-09-01,2008,5828
2008-09-01,2008,5828
2008-09-01,2008,5828
2008-09-01,2008,5828
2008-09-01,2008,5828
2008-09-01,2008,5828
2008-09-01,2008,5828
2008-10-01,2008,5580
2008-10-01,2008,5580
2008-10-01,2008,5580
2008-10-01,2008,5580
2008-10-01,2008,5580
2008-10-01,2008,5580
2008-10-01,2008,5580
2008-10-01,2008,5580
2008-10-01,2008,5580
2008-10-01,2008,5580
2008-10-01,2008,5580
2008-10-01,2008,5580
2008-11-01,2008,5173
2008-11-01,2008,5173
2008-11-01,2008,5173
2008-11-01,2008,5173
2008-11-01,2008,5173
2008-11-01,2008,5173
2008-11-01,2008,5173
2008-11-01,2008,5173
2008-11-01,2008,5173
2008-11-01,2008,5173
2008-11-01,2008,5173
2008-11-01,2008,5173
2008-12-01,2008,5826
2008-12-01,2008,5826
2008-12-01,2008,5826
2008-12-01,2008,5826
2008-12-01,2008,5826
2008-12-01,2008,5826
2008-12-01,2008,5826
2008-12-01,2008,5826
2008-12-01,2008,5826
2008-12-01,2008,5826
2008-12-01,2008,5826
2008-12-01,2008,5826
2009-01-01,2009,5437
2009-01-01,2009,5437
2009-01-01,2009,5437
2009-01-01,2009,5437
2009-01-01,2009,5437
2009-01-01,2009,5437
2009-01-01,2009,5437
2009-01-01,2009,5437
2009-01-01,2009,5437
2009-01-01,2009,5437
2009-01-01,2009,5437
2009-01-01,2009,5437
2009-02-01,2009,4840
2009-02-01,2009,4840
2009-02-01,2009,4840
2009-02-01,2009,4840
2009-02-01,2009,4840
2009-02-01,2009,4840
2009-02-01,2009,4840
2009-02-01,2009,4840
2009-02-01,2009,4840
2009-02-01,2009,4840
2009-02-01,2009,4840
2009-02-01,2009,4840
2009-03-01,2009,5213
2009-03-01,2009,5213
2009-03-01,2009,5213
2009-03-01,2009,5213
2009-03-01,2009,5213
2009-03-01,2009,5213
2009-03-01,2009,5213
2009-03-01,2009,5213
2009-03-01,2009,5213
2009-03-01,2009,5213
2009-03-01,2009,5213
2009-03-01,2009,5213
2009-04-01,2009,5062
2009-04-01,2009,5062
2009-04-01,2009,5062
2009-04-01,2009,5062
2009-04-01,2009,5062
2009-04-01,2009,5062
2009-04-01,2009,5062
2009-04-01,2009,5062
2009-04-01,2009,5062
2009-04-01,2009,5062
2009-04-01,2009,5062
2009-04-01,2009,5062
2009-05-01,2009,4995
2009-05-01,2009,4995
2009-05-01,2009,4995
2009-05-01,2009,4995
2009-05-01,2009,4995
2009-05-01,2009,4995
2009-05-01,2009,4995
2009-05-01,2009,4995
2009-05-01,2009,4995
2009-05-01,2009,4995
2009-05-01,2009,4995
2009-05-01,2009,4995
2009-06-01,2009,5405
2009-06-01,2009,5405
2009-06-01,2009,5405
2009-06-01,2009,5405
2009-06-01,2009,5405
2009-06-01,2009,5405
2009-06-01,2009,5405
2009-06-01,2009,5405
2009-06-01,2009,5405
2009-06-01,2009,5405
2009-06-01,2009,5405
2009-06-01,2009,5405
2009-07-01,2009,5795
2009-07-01,2009,5795
2009-07-01,2009,5795
2009-07-01,2009,5795
2009-07-01,2009,5795
2009-07-01,2009,5795
2009-07-01,2009,5795
2009-07-01,2009,5795
2009-07-01,2009,5795
2009-07-01,2009,5795
2009-07-01,2009,5795
2009-07-01,2009,5795
2009-08-01,2009,5813
2009-08-01,2009,5813
2009-08-01,2009,5813
2009-08-01,2009,5813
2009-08-01,2009,5813
2009-08-01,2009,5813
2009-08-01,2009,5813
2009-08-01,2009,5813
2009-08-01,2009,5813
2009-08-01,2009,5813
2009-08-01,2009,5813
2009-08-01,2009,5813
2009-09-01,2009,5918
2009-09-01,2009,5918
2009-09-01,2009,5918
2009-09-01,2009,5918
2009-09-01,2009,5918
2009-09-01,2009,5918
2009-09-01,2009,5918
2009-09-01,2009,5918
2009-09-01,2009,5918
2009-09-01,2009,5918
2009-09-01,2009,5918
2009-09-01,2009,5918
2009-10-01,2009,5576
2009-10-01,2009,5576
2009-10-01,2009,5576
2009-10-01,2009,5576
2009-10-01,2009,5576
2009-10-01,2009,5576
2009-10-01,2009,5576
2009-10-01,2009,5576
2009-10-01,2009,5576
2009-10-01,2009,5576
2009-10-01,2009,5576
2009-10-01,2009,5576
2009-11-01,2009,5236
2009-11-01,2009,5236
2009-11-01,2009,5236
2009-11-01,2009,5236
2009-11-01,2009,5236
2009-11-01,2009,5236
2009-11-01,2009,5236
2009-11-01,2009,5236
2009-11-01,2009,5236
2009-11-01,2009,5236
2009-11-01,2009,5236
2009-11-01,2009,5236
2009-12-01,2009,5683
2009-12-01,2009,5683
2009-12-01,2009,5683
2009-12-01,2009,5683
2009-12-01,2009,5683
2009-12-01,2009,5683
2009-12-01,2009,5683
2009-12-01,2009,5683
2009-12-01,2009,5683
2009-12-01,2009,5683
2009-12-01,2009,5683
2009-12-01,2009,5683
2010-01-01,2010,5046
2010-01-01,2010,5046
2010-01-01,2010,5046
2010-01-01,2010,5046
2010-01-01,2010,5046
2010-01-01,2010,5046
2010-01-01,2010,5046
2010-01-01,2010,5046
2010-01-01,2010,5046
2010-01-01,2010,5046
2010-01-01,2010,5046
2010-01-01,2010,5046
2010-02-01,2010,4655
2010-02-01,2010,4655
2010-02-01,2010,4655
2010-02-01,2010,4655
2010-02-01,2010,4655
2010-02-01,2010,4655
2010-02-01,2010,4655
2010-02-01,2010,4655
2010-02-01,2010,4655
2010-02-01,2010,4655
2010-02-01,2010,4655
2010-02-01,2010,4655
2010-03-01,2010,5193
2010-03-01,2010,5193
2010-03-01,2010,5193
2010-03-01,2010,5193
2010-03-01,2010,5193
2010-03-01,2010,5193
2010-03-01,2010,5193
2010-03-01,2010,5193
2010-03-01,2010,5193
2010-03-01,2010,5193
2010-03-01,2010,5193
2010-03-01,2010,5193
2010-04-01,2010,4711
2010-04-01,2010,4711
2010-04-01,2010,4711
2010-04-01,2010,4711
2010-04-01,2010,4711
2010-04-01,2010,4711
2010-04-01,2010,4711
2010-04-01,2010,4711
2010-04-01,2010,4711
2010-04-01,2010,4711
2010-04-01,2010,4711
2010-04-01,2010,4711
2010-05-01,2010,4745
2010-05-01,2010,4745
2010-05-01,2010,4745
2010-05-01,2010,4745
2010-05-01,2010,4745
2010-05-01,2010,4745
2010-05-01,2010,4745
2010-05-01,2010,4745
2010-05-01,2010,4745
2010-05-01,2010,4745
2010-05-01,2010,4745
2010-05-01,2010,4745
2010-06-01,2010,5120
2010-06-01,2010,5120
2010-06-01,2010,5120
2010-06-01,2010,5120
2010-06-01,2010,5120
2010-06-01,2010,5120
2010-06-01,2010,5120
2010-06-01,2010,5120
2010-06-01,2010,5120
2010-06-01,2010,5120
2010-06-01,2010,5120
2010-06-01,2010,5120
2010-07-01,2010,5358
2010-07-01,2010,5358
2010-07-01,2010,5358
2010-07-01,2010,5358
2010-07-01,2010,5358
2010-07-01,2010,5358
2010-07-01,2010,5358
2010-07-01,2010,5358
2010-07-01,2010,5358
2010-07-01,2010,5358
2010-07-01,2010,5358
2010-07-01,2010,5358
2010-08-01,2010,5540
2010-08-01,2010,5540
2010-08-01,2010,5540
2010-08-01,2010,5540
2010-08-01,2010,5540
2010-08-01,2010,5540
2010-08-01,2010,5540
2010-08-01,2010,5540
2010-08-01,2010,5540
2010-08-01,2010,5540
2010-08-01,2010,5540
2010-08-01,2010,5540
2010-09-01,2010,5706
2010-09-01,2010,5706
2010-09-01,2010,5706
2010-09-01,2010,5706
2010-09-01,2010,5706
2010-09-01,2010,5706
2010-09-01,2010,5706
2010-09-01,2010,5706
2010-09-01,2010,5706
2010-09-01,2010,5706
2010-09-01,2010,5706
2010-09-01,2010,5706
2010-10-01,2010,5352
2010-10-01,2010,5352
2010-10-01,2010,5352
2010-10-01,2010,5352
2010-10-01,2010,5352
2010-10-01,2010,5352
2010-10-01,2010,5352
2010-10-01,2010,5352
2010-10-01,2010,5352
2010-10-01,2010,5352
2010-10-01,2010,5352
2010-10-01,2010,5352
2010-11-01,2010,5303
2010-11-01,2010,5303
2010-11-01,2010,5303
2010-11-01,2010,5303
2010-11-01,2010,5303
2010-11-01,2010,5303
2010-11-01,2010,5303
2010-11-01,2010,5303
2010-11-01,2010,5303
2010-11-01,2010,5303
2010-11-01,2010,5303
2010-11-01,2010,5303
2010-12-01,2010,5650
2010-12-01,2010,5650
2010-12-01,2010,5650
2010-12-01,2010,5650
2010-12-01,2010,5650
2010-12-01,2010,5650
2010-12-01,2010,5650
2010-12-01,2010,5650
2010-12-01,2010,5650
2010-12-01,2010,5650
2010-12-01,2010,5650
2010-12-01,2010,5650
2011-01-01,2011,5030
2011-01-01,2011,5030
2011-01-01,2011,5030
2011-01-01,2011,5030
2011-01-01,2011,5030
2011-01-01,2011,5030
2011-01-01,2011,5030
2011-01-01,2011,5030
2011-01-01,2011,5030
2011-01-01,2011,5030
2011-01-01,2011,5030
2011-01-01,2011,5030
2011-02-01,2011,4726
2011-02-01,2011,4726
2011-02-01,2011,4726
2011-02-01,2011,4726
2011-02-01,2011,4726
2011-02-01,2011,4726
2011-02-01,2011,4726
2011-02-01,2011,4726
2011-02-01,2011,4726
2011-02-01,2011,4726
2011-02-01,2011,4726
2011-02-01,2011,4726
2011-03-01,2011,5044
2011-03-01,2011,5044
2011-03-01,2011,5044
2011-03-01,2011,5044
2011-03-01,2011,5044
2011-03-01,2011,5044
2011-03-01,2011,5044
2011-03-01,2011,5044
2011-03-01,2011,5044
2011-03-01,2011,5044
2011-03-01,2011,5044
2011-03-01,2011,5044
2011-04-01,2011,4641
2011-04-01,2011,4641
2011-04-01,2011,4641
2011-04-01,2011,4641
2011-04-01,2011,4641
2011-04-01,2011,4641
2011-04-01,2011,4641
2011-04-01,2011,4641
2011-04-01,2011,4641
2011-04-01,2011,4641
2011-04-01,2011,4641
2011-04-01,2011,4641
2011-05-01,2011,4878
2011-05-01,2011,4878
2011-05-01,2011,4878
2011-05-01,2011,4878
2011-05-01,2011,4878
2011-05-01,2011,4878
2011-05-01,2011,4878
2011-05-01,2011,4878
2011-05-01,2011,4878
2011-05-01,2011,4878
2011-05-01,2011,4878
2011-05-01,2011,4878
2011-06-01,2011,5058
2011-06-01,2011,5058
2011-06-01,2011,5058
2011-06-01,2011,5058
2011-06-01,2011,5058
2011-06-01,2011,5058
2011-06-01,2011,5058
2011-06-01,2011,5058
2011-06-01,2011,5058
2011-06-01,2011,5058
2011-06-01,2011,5058
2011-06-01,2011,5058
2011-07-01,2011,5381
2011-07-01,2011,5381
2011-07-01,2011,5381
2011-07-01,2011,5381
2011-07-01,2011,5381
2011-07-01,2011,5381
2011-07-01,2011,5381
2011-07-01,2011,5381
2011-07-01,2011,5381
2011-07-01,2011,5381
2011-07-01,2011,5381
2011-07-01,2011,5381
2011-08-01,2011,5774
2011-08-01,2011,5774
2011-08-01,2011,5774
2011-08-01,2011,5774
2011-08-01,2011,5774
2011-08-01,2011,5774
2011-08-01,2011,5774
2011-08-01,2011,5774
2011-08-01,2011,5774
2011-08-01,2011,5774
2011-08-01,2011,5774
2011-08-01,2011,5774
2011-09-01,2011,5517
2011-09-01,2011,5517
2011-09-01,2011,5517
2011-09-01,2011,5517
2011-09-01,2011,5517
2011-09-01,2011,5517
2011-09-01,2011,5517
2011-09-01,2011,5517
2011-09-01,2011,5517
2011-09-01,2011,5517
2011-09-01,2011,5517
2011-09-01,2011,5517
2011-10-01,2011,5291
2011-10-01,2011,5291
2011-10-01,2011,5291
2011-10-01,2011,5291
2011-10-01,2011,5291
2011-10-01,2011,5291
2011-10-01,2011,5291
2011-10-01,2011,5291
2011-10-01,2011,5291
2011-10-01,2011,5291
2011-10-01,2011,5291
2011-10-01,2011,5291
2011-11-01,2011,5271
2011-11-01,2011,5271
2011-11-01,2011,5271
2011-11-01,2011,5271
2011-11-01,2011,5271
2011-11-01,2011,5271
2011-11-01,2011,5271
2011-11-01,2011,5271
2011-11-01,2011,5271
2011-11-01,2011,5271
2011-11-01,2011,5271
2011-11-01,2011,5271
2011-12-01,2011,5277
2011-12-01,2011,5277
2011-12-01,2011,5277
2011-12-01,2011,5277
2011-12-01,2011,5277
2011-12-01,2011,5277
2011-12-01,2011,5277
2011-12-01,2011,5277
2011-12-01,2011,5277
2011-12-01,2011,5277
2011-12-01,2011,5277
2011-12-01,2011,5277
2012-01-01,2012,5128
2012-01-01,2012,5128
2012-01-01,2012,5128
2012-01-01,2012,5128
2012-01-01,2012,5128
2012-01-01,2012,5128
2012-01-01,2012,5128
2012-01-01,2012,5128
2012-01-01,2012,5128
2012-01-01,2012,5128
2012-01-01,2012,5128
2012-01-01,2012,5128
2012-02-01,2012,4970
2012-02-01,2012,4970
2012-02-01,2012,4970
2012-02-01,2012,4970
2012-02-01,2012,4970
2012-02-01,2012,4970
2012-02-01,2012,4970
2012-02-01,2012,4970
2012-02-01,2012,4970
2012-02-01,2012,4970
2012-02-01,2012,4970
2012-02-01,2012,4970
2012-03-01,2012,5034
2012-03-01,2012,5034
2012-03-01,2012,5034
2012-03-01,2012,5034
2012-03-01,2012,5034
2012-03-01,2012,5034
2012-03-01,2012,5034
2012-03-01,2012,5034
2012-03-01,2012,5034
2012-03-01,2012,5034
2012-03-01,2012,5034
2012-03-01,2012,5034
2012-04-01,2012,4634
2012-04-01,2012,4634
2012-04-01,2012,4634
2012-04-01,2012,4634
2012-04-01,2012,4634
2012-04-01,2012,4634
2012-04-01,2012,4634
2012-04-01,2012,4634
2012-04-01,2012,4634
2012-04-01,2012,4634
2012-04-01,2012,4634
2012-04-01,2012,4634
2012-05-01,2012,4993
2012-05-01,2012,4993
2012-05-01,2012,4993
2012-05-01,2012,4993
2012-05-01,2012,4993
2012-05-01,2012,4993
2012-05-01,2012,4993
2012-05-01,2012,4993
2012-05-01,2012,4993
2012-05-01,2012,4993
2012-05-01,2012,4993
2012-05-01,2012,4993
2012-06-01,2012,5002
2012-06-01,2012,5002
2012-06-01,2012,5002
2012-06-01,2012,5002
2012-06-01,2012,5002
2012-06-01,2012,5002
2012-06-01,2012,5002
2012-06-01,2012,5002
2012-06-01,2012,5002
2012-06-01,2012,5002
2012-06-01,2012,5002
2012-06-01,2012,5002
2012-07-01,2012,5596
2012-07-01,2012,5596
2012-07-01,2012,5596
2012-07-01,2012,5596
2012-07-01,2012,5596
2012-07-01,2012,5596
2012-07-01,2012,5596
2012-07-01,2012,5596
2012-07-01,2012,5596
2012-07-01,2012,5596
2012-07-01,2012,5596
2012-07-01,2012,5596
2012-08-01,2012,5719
2012-08-01,2012,5719
2012-08-01,2012,5719
2012-08-01,2012,5719
2012-08-01,2012,5719
2012-08-01,2012,5719
2012-08-01,2012,5719
2012-08-01,2012,5719
2012-08-01,2012,5719
2012-08-01,2012,5719
2012-08-01,2012,5719
2012-08-01,2012,5719
2012-09-01,2012,5505
2012-09-01,2012,5505
2012-09-01,2012,5505
2012-09-01,2012,5505
2012-09-01,2012,5505
2012-09-01,2012,5505
2012-09-01,2012,5505
2012-09-01,2012,5505
2012-09-01,2012,5505
2012-09-01,2012,5505
2012-09-01,2012,5505
2012-09-01,2012,5505
2012-10-01,2012,5572
2012-10-01,2012,5572
2012-10-01,2012,5572
2012-10-01,2012,5572
2012-10-01,2012,5572
2012-10-01,2012,5572
2012-10-01,2012,5572
2012-10-01,2012,5572
2012-10-01,2012,5572
2012-10-01,2012,5572
2012-10-01,2012,5572
2012-10-01,2012,5572
2012-11-01,2012,5172
2012-11-01,2012,5172
2012-11-01,2012,5172
2012-11-01,2012,5172
2012-11-01,2012,5172
2012-11-01,2012,5172
2012-11-01,2012,5172
2012-11-01,2012,5172
2012-11-01,2012,5172
2012-11-01,2012,5172
2012-11-01,2012,5172
2012-11-01,2012,5172
2012-12-01,2012,5317
2012-12-01,2012,5317
2012-12-01,2012,5317
2012-12-01,2012,5317
2012-12-01,2012,5317
2012-12-01,2012,5317
2012-12-01,2012,5317
2012-12-01,2012,5317
2012-12-01,2012,5317
2012-12-01,2012,5317
2012-12-01,2012,5317
2012-12-01,2012,5317
2013-01-01,2013,5326
2013-01-01,2013,5326
2013-01-01,2013,5326
2013-01-01,2013,5326
2013-01-01,2013,5326
2013-01-01,2013,5326
2013-01-01,2013,5326
2013-01-01,2013,5326
2013-01-01,2013,5326
2013-01-01,2013,5326
2013-01-01,2013,5326
2013-01-01,2013,5326
2013-02-01,2013,4615
2013-02-01,2013,4615
2013-02-01,2013,4615
2013-02-01,2013,4615
2013-02-01,2013,4615
2013-02-01,2013,4615
2013-02-01,2013,4615
2013-02-01,2013,4615
2013-02-01,2013,4615
2013-02-01,2013,4615
2013-02-01,2013,4615
2013-02-01,2013,4615
2013-03-01,2013,4885
2013-03-01,2013,4885
2013-03-01,2013,4885
2013-03-01,2013,4885
2013-03-01,2013,4885
2013-03-01,2013,4885
2013-03-01,2013,4885
2013-03-01,2013,4885
2013-03-01,2013,4885
2013-03-01,2013,4885
2013-03-01,2013,4885
2013-03-01,2013,4885
2013-04-01,2013,4826
2013-04-01,2013,4826
2013-04-01,2013,4826
2013-04-01,2013,4826
2013-04-01,2013,4826
2013-04-01,2013,4826
2013-04-01,2013,4826
2013-04-01,2013,4826
2013-04-01,2013,4826
2013-04-01,2013,4826
2013-04-01,2013,4826
2013-04-01,2013,4826
2013-05-01,2013,5074
2013-05-01,2013,5074
2013-05-01,2013,5074
2013-05-01,2013,5074
2013-05-01,2013,5074
2013-05-01,2013,5074
2013-05-01,2013,5074
2013-05-01,2013,5074
2013-05-01,2013,5074
2013-05-01,2013,5074
2013-05-01,2013,5074
2013-05-01,2013,5074
2013-06-01,2013,4903
2013-06-01,2013,4903
2013-06-01,2013,4903
2013-06-01,2013,4903
2013-06-01,2013,4903
2013-06-01,2013,4903
2013-06-01,2013,4903
2013-06-01,2013,4903
2013-06-01,2013,4903
2013-06-01,2013,4903
2013-06-01,2013,4903
2013-06-01,2013,4903
2013-07-01,2013,5620
2013-07-01,2013,5620
2013-07-01,2013,5620
2013-07-01,2013,5620
2013-07-01,2013,5620
2013-07-01,2013,5620
2013-07-01,2013,5620
2013-07-01,2013,5620
2013-07-01,2013,5620
2013-07-01,2013,5620
2013-07-01,2013,5620
2013-07-01,2013,5620
2013-08-01,2013,5653
2013-08-01,2013,5653
2013-08-01,2013,5653
2013-08-01,2013,5653
2013-08-01,2013,5653
2013-08-01,2013,5653
2013-08-01,2013,5653
2013-08-01,2013,5653
2013-08-01,2013,5653
2013-08-01,2013,5653
2013-08-01,2013,5653
2013-08-01,2013,5653
2013-09-01,2013,5604
2013-09-01,2013,5604
2013-09-01,2013,5604
2013-09-01,2013,5604
2013-09-01,2013,5604
2013-09-01,2013,5604
2013-09-01,2013,5604
2013-09-01,2013,5604
2013-09-01,2013,5604
2013-09-01,2013,5604
2013-09-01,2013,5604
2013-09-01,2013,5604
2013-10-01,2013,5583
2013-10-01,2013,5583
2013-10-01,2013,5583
2013-10-01,2013,5583
2013-10-01,2013,5583
2013-10-01,2013,5583
2013-10-01,2013,5583
2013-10-01,2013,5583
2013-10-01,2013,5583
2013-10-01,2013,5583
2013-10-01,2013,5583
2013-10-01,2013,5583
2013-11-01,2013,5240
2013-11-01,2013,5240
2013-11-01,2013,5240
2013-11-01,2013,5240
2013-11-01,2013,5240
2013-11-01,2013,5240
2013-11-01,2013,5240
2013-11-01,2013,5240
2013-11-01,2013,5240
2013-11-01,2013,5240
2013-11-01,2013,5240
2013-11-01,2013,5240
2013-12-01,2013,5872
2013-12-01,2013,5872
2013-12-01,2013,5872
2013-12-01,2013,5872
2013-12-01,2013,5872
2013-12-01,2013,5872
2013-12-01,2013,5872
2013-12-01,2013,5872
2013-12-01,2013,5872
2013-12-01,2013,5872
2013-12-01,2013,5872
2013-12-01,2013,5872
2014-01-01,2014,5459
2014-01-01,2014,5459
2014-01-01,2014,5459
2014-01-01,2014,5459
2014-01-01,2014,5459
2014-01-01,2014,5459
2014-01-01,2014,5459
2014-01-01,2014,5459
2014-01-01,2014,5459
2014-01-01,2014,5459
2014-01-01,2014,5459
2014-01-01,2014,5459
2014-01-01,2014,5459
2014-01-01,2014,5459
2014-01-01,2014,5459
2014-02-01,2014,4883
2014-02-01,2014,4883
2014-02-01,2014,4883
2014-02-01,2014,4883
2014-02-01,2014,4883
2014-02-01,2014,4883
2014-02-01,2014,4883
2014-02-01,2014,4883
2014-02-01,2014,4883
2014-02-01,2014,4883
2014-02-01,2014,4883
2014-02-01,2014,4883
2014-02-01,2014,4883
2014-02-01,2014,4883
2014-02-01,2014,4883
2014-03-01,2014,5130
2014-03-01,2014,5130
2014-03-01,2014,5130
2014-03-01,2014,5130
2014-03-01,2014,5130
2014-03-01,2014,5130
2014-03-01,2014,5130
2014-03-01,2014,5130
2014-03-01,2014,5130
2014-03-01,2014,5130
2014-03-01,2014,5130
2014-03-01,2014,5130
2014-03-01,2014,5130
2014-03-01,2014,5130
2014-03-01,2014,5130
2014-04-01,2014,5054
2014-04-01,2014,5054
2014-04-01,2014,5054
2014-04-01,2014,5054
2014-04-01,2014,5054
2014-04-01,2014,5054
2014-04-01,2014,5054
2014-04-01,2014,5054
2014-04-01,2014,5054
2014-04-01,2014,5054
2014-04-01,2014,5054
2014-04-01,2014,5054
2014-04-01,2014,5054
2014-04-01,2014,5054
2014-04-01,2014,5054
2014-05-01,2014,5086
2014-05-01,2014,5086
2014-05-01,2014,5086
2014-05-01,2014,5086
2014-05-01,2014,5086
2014-05-01,2014,5086
2014-05-01,2014,5086
2014-05-01,2014,5086
2014-05-01,2014,5086
2014-05-01,2014,5086
2014-05-01,2014,5086
2014-05-01,2014,5086
2014-05-01,2014,5086
2014-05-01,2014,5086
2014-05-01,2014,5086
2014-06-01,2014,5022
2014-06-01,2014,5022
2014-06-01,2014,5022
2014-06-01,2014,5022
2014-06-01,2014,5022
2014-06-01,2014,5022
2014-06-01,2014,5022
2014-06-01,2014,5022
2014-06-01,2014,5022
2014-06-01,2014,5022
2014-06-01,2014,5022
2014-06-01,2014,5022
2014-06-01,2014,5022
2014-06-01,2014,5022
2014-06-01,2014,5022
2014-07-01,2014,5609
2014-07-01,2014,5609
2014-07-01,2014,5609
2014-07-01,2014,5609
2014-07-01,2014,5609
2014-07-01,2014,5609
2014-07-01,2014,5609
2014-07-01,2014,5609
2014-07-01,2014,5609
2014-07-01,2014,5609
2014-07-01,2014,5609
2014-07-01,2014,5609
2014-07-01,2014,5609
2014-07-01,2014,5609
2014-07-01,2014,5609
2014-08-01,2014,5548
2014-08-01,2014,5548
2014-08-01,2014,5548
2014-08-01,2014,5548
2014-08-01,2014,5548
2014-08-01,2014,5548
2014-08-01,2014,5548
2014-08-01,2014,5548
2014-08-01,2014,5548
2014-08-01,2014,5548
2014-08-01,2014,5548
2014-08-01,2014,5548
2014-08-01,2014,5548
2014-08-01,2014,5548
2014-08-01,2014,5548
2014-09-01,2014,5743
2014-09-01,2014,5743
2014-09-01,2014,5743
2014-09-01,2014,5743
2014-09-01,2014,5743
2014-09-01,2014,5743
2014-09-01,2014,5743
2014-09-01,2014,5743
2014-09-01,2014,5743
2014-09-01,2014,5743
2014-09-01,2014,5743
2014-09-01,2014,5743
2014-09-01,2014,5743
2014-09-01,2014,5743
2014-09-01,2014,5743
2014-10-01,2014,5722
2014-10-01,2014,5722
2014-10-01,2014,5722
2014-10-01,2014,5722
2014-10-01,2014,5722
2014-10-01,2014,5722
2014-10-01,2014,5722
2014-10-01,2014,5722
2014-10-01,2014,5722
2014-10-01,2014,5722
2014-10-01,2014,5722
2014-10-01,2014,5722
2014-10-01,2014,5722
2014-10-01,2014,5722
2014-10-01,2014,5722
2014-11-01,2014,5277
2014-11-01,2014,5277
2014-11-01,2014,5277
2014-11-01,2014,5277
2014-11-01,2014,5277
2014-11-01,2014,5277
2014-11-01,2014,5277
2014-11-01,2014,5277
2014-11-01,2014,5277
2014-11-01,2014,5277
2014-11-01,2014,5277
2014-11-01,2014,5277
2014-11-01,2014,5277
2014-11-01,2014,5277
2014-11-01,2014,5277
2014-12-01,2014,5964
2014-12-01,2014,5964
2014-12-01,2014,5964
2014-12-01,2014,5964
2014-12-01,2014,5964
2014-12-01,2014,5964
2014-12-01,2014,5964
2014-12-01,2014,5964
2014-12-01,2014,5964
2014-12-01,2014,5964
2014-12-01,2014,5964
2014-12-01,2014,5964
2014-12-01,2014,5964
2014-12-01,2014,5964
2014-12-01,2014,5964
2015-01-01,2015,5389
2015-01-01,2015,5389
2015-01-01,2015,5389
2015-01-01,2015,5389
2015-01-01,2015,5389
2015-01-01,2015,5389
2015-01-01,2015,5389
2015-01-01,2015,5389
2015-01-01,2015,5389
2015-01-01,2015,5389
2015-01-01,2015,5389
2015-01-01,2015,5389
2015-01-01,2015,5389
2015-01-01,2015,5389
2015-01-01,2015,5389
2015-02-01,2015,4818
2015-02-01,2015,4818
2015-02-01,2015,4818
2015-02-01,2015,4818
2015-02-01,2015,4818
2015-02-01,2015,4818
2015-02-01,2015,4818
2015-02-01,2015,4818
2015-02-01,2015,4818
2015-02-01,2015,4818
2015-02-01,2015,4818
2015-02-01,2015,4818
2015-02-01,2015,4818
2015-02-01,2015,4818
2015-02-01,2015,4818
2015-03-01,2015,5211
2015-03-01,2015,5211
2015-03-01,2015,5211
2015-03-01,2015,5211
2015-03-01,2015,5211
2015-03-01,2015,5211
2015-03-01,2015,5211
2015-03-01,2015,5211
2015-03-01,2015,5211
2015-03-01,2015,5211
2015-03-01,2015,5211
2015-03-01,2015,5211
2015-03-01,2015,5211
2015-03-01,2015,5211
2015-03-01,2015,5211
2015-04-01,2015,4960
2015-04-01,2015,4960
2015-04-01,2015,4960
2015-04-01,2015,4960
2015-04-01,2015,4960
2015-04-01,2015,4960
2015-04-01,2015,4960
2015-04-01,2015,4960
2015-04-01,2015,4960
2015-04-01,2015,4960
2015-04-01,2015,4960
2015-04-01,2015,4960
2015-04-01,2015,4960
2015-04-01,2015,4960
2015-04-01,2015,4960
2015-05-01,2015,5018
2015-05-01,2015,5018
2015-05-01,2015,5018
2015-05-01,2015,5018
2015-05-01,2015,5018
2015-05-01,2015,5018
2015-05-01,2015,5018
2015-05-01,2015,5018
2015-05-01,2015,5018
2015-05-01,2015,5018
2015-05-01,2015,5018
2015-05-01,2015,5018
2015-05-01,2015,5018
2015-05-01,2015,5018
2015-05-01,2015,5018
2015-06-01,2015,5133
2015-06-01,2015,5133
2015-06-01,2015,5133
2015-06-01,2015,5133
2015-06-01,2015,5133
2015-06-01,2015,5133
2015-06-01,2015,5133
2015-06-01,2015,5133
2015-06-01,2015,5133
2015-06-01,2015,5133
2015-06-01,2015,5133
2015-06-01,2015,5133
2015-06-01,2015,5133
2015-06-01,2015,5133
2015-06-01,2015,5133
2015-07-01,2015,5727
2015-07-01,2015,5727
2015-07-01,2015,5727
2015-07-01,2015,5727
2015-07-01,2015,5727
2015-07-01,2015,5727
2015-07-01,2015,5727
2015-07-01,2015,5727
2015-07-01,2015,5727
2015-07-01,2015,5727
2015-07-01,2015,5727
2015-07-01,2015,5727
2015-07-01,2015,5727
2015-07-01,2015,5727
2015-07-01,2015,5727
2015-08-01,2015,5853
2015-08-01,2015,5853
2015-08-01,2015,5853
2015-08-01,2015,5853
2015-08-01,2015,5853
2015-08-01,2015,5853
2015-08-01,2015,5853
2015-08-01,2015,5853
2015-08-01,2015,5853
2015-08-01,2015,5853
2015-08-01,2015,5853
2015-08-01,2015,5853
2015-08-01,2015,5853
2015-08-01,2015,5853
2015-08-01,2015,5853
2015-09-01,2015,5881
2015-09-01,2015,5881
2015-09-01,2015,5881
2015-09-01,2015,5881
2015-09-01,2015,5881
2015-09-01,2015,5881
2015-09-01,2015,5881
2015-09-01,2015,5881
2015-09-01,2015,5881
2015-09-01,2015,5881
2015-09-01,2015,5881
2015-09-01,2015,5881
2015-09-01,2015,5881
2015-09-01,2015,5881
2015-09-01,2015,5881
2015-10-01,2015,5751
2015-10-01,2015,5751
2015-10-01,2015,5751
2015-10-01,2015,5751
2015-10-01,2015,5751
2015-10-01,2015,5751
2015-10-01,2015,5751
2015-10-01,2015,5751
2015-10-01,2015,5751
2015-10-01,2015,5751
2015-10-01,2015,5751
2015-10-01,2015,5751
2015-10-01,2015,5751
2015-10-01,2015,5751
2015-10-01,2015,5751
2015-11-01,2015,5344
2015-11-01,2015,5344
2015-11-01,2015,5344
2015-11-01,2015,5344
2015-11-01,2015,5344
2015-11-01,2015,5344
2015-11-01,2015,5344
2015-11-01,2015,5344
2015-11-01,2015,5344
2015-11-01,2015,5344
2015-11-01,2015,5344
2015-11-01,2015,5344
2015-11-01,2015,5344
2015-11-01,2015,5344
2015-11-01,2015,5344
2015-12-01,2015,5607
2015-12-01,2015,5607
2015-12-01,2015,5607
2015-12-01,2015,5607
2015-12-01,2015,5607
2015-12-01,2015,5607
2015-12-01,2015,5607
2015-12-01,2015,5607
2015-12-01,2015,5607
2015-12-01,2015,5607
2015-12-01,2015,5607
2015-12-01,2015,5607
2015-12-01,2015,5607
2015-12-01,2015,5607
2015-12-01,2015,5607
